Price,Adj Close,Close,High,Low,Open,Volume
Ticker,513650.SS,513650.SS,513650.SS,513650.SS,513650.SS,513650.SS
Date,,,,,,
2023-03-23,1.0,1.0,1.0,1.0,1.0,0
2023-03-30,1.0074000358581543,1.0074000358581543,1.0074000358581543,1.0074000358581543,1.0074000358581543,0
2023-03-31,1.0216000080108643,1.0216000080108643,1.0216000080108643,1.0216000080108643,1.0216000080108643,0
2023-04-03,1.0262999534606934,1.0262999534606934,1.0262999534606934,1.0262999534606934,1.0262999534606934,0
2023-04-04,1.024999976158142,1.024999976158142,1.024999976158142,1.0119999647140503,1.0119999647140503,246224700
2023-04-06,1.0130000114440918,1.0130000114440918,1.0149999856948853,1.0119999647140503,1.0149999856948853,18430600
2023-04-07,1.0180000066757202,1.0180000066757202,1.0199999809265137,1.0169999599456787,1.0169999599456787,11803400
2023-04-10,1.0199999809265137,1.0199999809265137,1.0210000276565552,1.0180000066757202,1.0180000066757202,2494100
2023-04-11,1.0219999551773071,1.0219999551773071,1.0230000019073486,1.0199999809265137,1.0199999809265137,5132600
2023-04-12,1.0210000276565552,1.0210000276565552,1.0219999551773071,1.0199999809265137,1.0219999551773071,2458000
2023-04-13,1.0169999599456787,1.0169999599456787,1.0180000066757202,1.0140000581741333,1.0140000581741333,2815300
2023-04-14,1.0240000486373901,1.0240000486373901,1.0269999504089355,1.0210000276565552,1.0210000276565552,5677900
2023-04-17,1.0269999504089355,1.0269999504089355,1.0299999713897705,1.0269999504089355,1.0290000438690186,3385500
2023-04-18,1.0329999923706055,1.0329999923706055,1.0329999923706055,1.0269999504089355,1.0269999504089355,3729900
2023-04-19,1.031000018119812,1.031000018119812,1.0329999923706055,1.0299999713897705,1.0329999923706055,1662000
2023-04-20,1.0299999713897705,1.0299999713897705,1.031999945640564,1.0299999713897705,1.031000018119812,2317200
2023-04-21,1.0269999504089355,1.0269999504089355,1.027999997138977,1.0260000228881836,1.0260000228881836,2721600
2023-04-24,1.024999976158142,1.024999976158142,1.027999997138977,1.0240000486373901,1.0269999504089355,1108700
2023-04-25,1.0299999713897705,1.0299999713897705,1.0299999713897705,1.027999997138977,1.0290000438690186,4839500
2023-04-26,1.0230000019073486,1.0230000019073486,1.0260000228881836,1.0219999551773071,1.0260000228881836,10639800
2023-04-27,1.0160000324249268,1.0160000324249268,1.0180000066757202,1.0140000581741333,1.0140000581741333,7136300
2023-04-28,1.0290000438690186,1.0290000438690186,1.031999945640564,1.0290000438690186,1.0290000438690186,6909100
2023-05-04,1.0199999809265137,1.0199999809265137,1.0210000276565552,1.0160000324249268,1.0210000276565552,1983700
2023-05-05,1.0169999599456787,1.0169999599456787,1.0190000534057617,1.0149999856948853,1.0190000534057617,2738500
2023-05-08,1.031999945640564,1.031999945640564,1.0329999923706055,1.0269999504089355,1.0269999504089355,1046100
2023-05-09,1.0329999923706055,1.0329999923706055,1.0329999923706055,1.031999945640564,1.031999945640564,436600
2023-05-10,1.0299999713897705,1.0299999713897705,1.0329999923706055,1.027999997138977,1.0329999923706055,942600
2023-05-11,1.0360000133514404,1.0360000133514404,1.0399999618530273,1.0360000133514404,1.0360000133514404,5025400
2023-05-12,1.0369999408721924,1.0369999408721924,1.0379999876022339,1.0360000133514404,1.0360000133514404,715100
2023-05-15,1.0379999876022339,1.0379999876022339,1.0390000343322754,1.034000039100647,1.034999966621399,2048100
2023-05-16,1.0379999876022339,1.0379999876022339,1.0379999876022339,1.0369999408721924,1.0369999408721924,2150600
2023-05-17,1.0390000343322754,1.0390000343322754,1.0399999618530273,1.0379999876022339,1.0379999876022339,1402500
2023-05-18,1.0520000457763672,1.0520000457763672,1.0520000457763672,1.0490000247955322,1.0499999523162842,2036400
2023-05-19,1.0679999589920044,1.0679999589920044,1.0720000267028809,1.065000057220459,1.065000057220459,2428600
2023-05-22,1.062999963760376,1.062999963760376,1.0640000104904175,1.059999942779541,1.0640000104904175,6102600
2023-05-23,1.0679999589920044,1.0679999589920044,1.0720000267028809,1.0679999589920044,1.0679999589920044,4799600
2023-05-24,1.055999994277954,1.055999994277954,1.0640000104904175,1.055999994277954,1.0640000104904175,2164500
2023-05-25,1.059999942779541,1.059999942779541,1.059999942779541,1.0540000200271606,1.055999994277954,3722400
2023-05-26,1.059999942779541,1.059999942779541,1.0609999895095825,1.055999994277954,1.059999942779541,8243500
2023-05-29,1.0789999961853027,1.0789999961853027,1.0789999961853027,1.0729999542236328,1.0729999542236328,3894700
2023-05-30,1.0809999704360962,1.0809999704360962,1.0829999446868896,1.0759999752044678,1.0779999494552612,1188300
2023-05-31,1.0750000476837158,1.0750000476837158,1.0800000429153442,1.0740000009536743,1.0789999961853027,2144700
2023-06-01,1.0779999494552612,1.0779999494552612,1.0779999494552612,1.0720000267028809,1.0750000476837158,4013400
2023-06-02,1.0829999446868896,1.0829999446868896,1.0859999656677246,1.0800000429153442,1.0829999446868896,4285700
2023-06-05,1.1009999513626099,1.1009999513626099,1.1009999513626099,1.093999981880188,1.093999981880188,4146200
2023-06-06,1.0980000495910645,1.0980000495910645,1.100000023841858,1.097000002861023,1.100000023841858,3760400
2023-06-07,1.1039999723434448,1.1039999723434448,1.1059999465942383,1.100000023841858,1.1039999723434448,2163900
2023-06-08,1.100000023841858,1.100000023841858,1.1030000448226929,1.0980000495910645,1.1009999513626099,2434800
2023-06-09,1.1039999723434448,1.1039999723434448,1.1050000190734863,1.1030000448226929,1.1039999723434448,684500
2023-06-12,1.1139999628067017,1.1139999628067017,1.1139999628067017,1.1069999933242798,1.1069999933242798,3349000
2023-06-13,1.128000020980835,1.128000020980835,1.128000020980835,1.121000051498413,1.121000051498413,9173200
2023-06-14,1.1299999952316284,1.1299999952316284,1.1349999904632568,1.128999948501587,1.1339999437332153,4037600
2023-06-15,1.1299999952316284,1.1299999952316284,1.1349999904632568,1.128999948501587,1.13100004196167,6895500
2023-06-16,1.1369999647140503,1.1369999647140503,1.1419999599456787,1.1369999647140503,1.1380000114440918,10420100
2023-06-19,1.1410000324249268,1.1410000324249268,1.1419999599456787,1.1339999437332153,1.1360000371932983,2274000
2023-06-20,1.1399999856948853,1.1399999856948853,1.1430000066757202,1.1399999856948853,1.1419999599456787,1356400
2023-06-21,1.1419999599456787,1.1419999599456787,1.1440000534057617,1.1410000324249268,1.1419999599456787,2205400
2023-06-26,1.1399999856948853,1.1399999856948853,1.1419999599456787,1.1349999904632568,1.1419999599456787,3065400
2023-06-27,1.1360000371932983,1.1360000371932983,1.1430000066757202,1.1319999694824219,1.1380000114440918,13593400
2023-06-28,1.1449999809265137,1.1449999809265137,1.1469999551773071,1.1410000324249268,1.1440000534057617,3787400
2023-06-29,1.1490000486373901,1.1490000486373901,1.149999976158142,1.1480000019073486,1.1480000019073486,1833200
2023-06-30,1.1540000438690186,1.1540000438690186,1.1549999713897705,1.1510000228881836,1.1510000228881836,16538700
2023-07-03,1.1660000085830688,1.1660000085830688,1.1679999828338623,1.1629999876022339,1.1660000085830688,17380500
2023-07-04,1.1619999408721924,1.1619999408721924,1.1649999618530273,1.1610000133514404,1.1649999618530273,2485600
2023-07-05,1.159000039100647,1.159000039100647,1.1619999408721924,1.159000039100647,1.1619999408721924,7848500
2023-07-06,1.156999945640564,1.156999945640564,1.1619999408721924,1.156999945640564,1.159999966621399,7196400
2023-07-07,1.149999976158142,1.149999976158142,1.152999997138977,1.1440000534057617,1.1469999551773071,2148200
2023-07-10,1.1399999856948853,1.1399999856948853,1.1460000276565552,1.1399999856948853,1.1460000276565552,8336900
2023-07-11,1.1449999809265137,1.1449999809265137,1.1490000486373901,1.1410000324249268,1.1410000324249268,5369900
2023-07-12,1.1540000438690186,1.1540000438690186,1.1540000438690186,1.1490000486373901,1.1510000228881836,6687600
2023-07-13,1.159999966621399,1.159999966621399,1.1610000133514404,1.1579999923706055,1.159999966621399,4540900
2023-07-14,1.159000039100647,1.159000039100647,1.1640000343322754,1.156999945640564,1.1640000343322754,5159200
2023-07-17,1.1629999876022339,1.1629999876022339,1.1649999618530273,1.159000039100647,1.159999966621399,16774800
2023-07-18,1.1679999828338623,1.1679999828338623,1.1699999570846558,1.1660000085830688,1.1679999828338623,3426800
2023-07-19,1.1829999685287476,1.1829999685287476,1.184000015258789,1.1779999732971191,1.1779999732971191,16661900
2023-07-20,1.1779999732971191,1.1779999732971191,1.180999994277954,1.1770000457763672,1.180999994277954,5007000
2023-07-21,1.1729999780654907,1.1729999780654907,1.1740000247955322,1.1660000085830688,1.1660000085830688,2548900
2023-07-24,1.1749999523162842,1.1749999523162842,1.1759999990463257,1.1720000505447388,1.1720000505447388,12388800
2023-07-25,1.1729999780654907,1.1729999780654907,1.1779999732971191,1.1710000038146973,1.1779999732971191,5047300
2023-07-26,1.1779999732971191,1.1779999732971191,1.1790000200271606,1.1740000247955322,1.1740000247955322,1348600
2023-07-27,1.180999994277954,1.180999994277954,1.180999994277954,1.1749999523162842,1.1770000457763672,3947200
2023-07-28,1.1740000247955322,1.1740000247955322,1.1770000457763672,1.1720000505447388,1.1770000457763672,3199200
2023-07-31,1.1779999732971191,1.1779999732971191,1.1799999475479126,1.1759999990463257,1.1779999732971191,4934100
2023-08-01,1.1829999685287476,1.1829999685287476,1.187000036239624,1.1799999475479126,1.1799999475479126,3754100
2023-08-02,1.1770000457763672,1.1770000457763672,1.1820000410079956,1.1749999523162842,1.1820000410079956,10186600
2023-08-03,1.1649999618530273,1.1649999618530273,1.1699999570846558,1.1629999876022339,1.1640000343322754,3322700
2023-08-04,1.1679999828338623,1.1679999828338623,1.1690000295639038,1.1629999876022339,1.1649999618530273,1603600
2023-08-07,1.1619999408721924,1.1619999408721924,1.1640000343322754,1.159999966621399,1.1610000133514404,5559000
2023-08-08,1.1660000085830688,1.1660000085830688,1.1699999570846558,1.1649999618530273,1.1699999570846558,7275800
2023-08-09,1.1660000085830688,1.1660000085830688,1.1660000085830688,1.1640000343322754,1.1640000343322754,1641000
2023-08-10,1.1610000133514404,1.1610000133514404,1.1619999408721924,1.156999945640564,1.159999966621399,1150200
2023-08-11,1.159999966621399,1.159999966621399,1.1629999876022339,1.156000018119812,1.1629999876022339,5780700
2023-08-14,1.1579999923706055,1.1579999923706055,1.159999966621399,1.1549999713897705,1.159000039100647,9582700
2023-08-15,1.1699999570846558,1.1699999570846558,1.1720000505447388,1.1670000553131104,1.1679999828338623,12758700
2023-08-16,1.1549999713897705,1.1549999713897705,1.1629999876022339,1.1549999713897705,1.1629999876022339,17540000
2023-08-17,1.1490000486373901,1.1490000486373901,1.149999976158142,1.1449999809265137,1.149999976158142,11021100
2023-08-18,1.1330000162124634,1.1330000162124634,1.1369999647140503,1.1319999694824219,1.1319999694824219,2922100
2023-08-21,1.1369999647140503,1.1369999647140503,1.1380000114440918,1.1339999437332153,1.1339999437332153,1226500
2023-08-22,1.1430000066757202,1.1430000066757202,1.1430000066757202,1.1369999647140503,1.1369999647140503,3930100
2023-08-23,1.1419999599456787,1.1419999599456787,1.1440000534057617,1.1410000324249268,1.1430000066757202,2026400
2023-08-24,1.159999966621399,1.159999966621399,1.159999966621399,1.1549999713897705,1.1549999713897705,13348100
2023-08-25,1.1339999437332153,1.1339999437332153,1.1440000534057617,1.1330000162124634,1.1440000534057617,5598600
2023-08-28,1.1460000276565552,1.1460000276565552,1.1460000276565552,1.1349999904632568,1.1349999904632568,2935700
2023-08-29,1.149999976158142,1.149999976158142,1.152999997138977,1.1490000486373901,1.1510000228881836,5236500
2023-08-30,1.1660000085830688,1.1660000085830688,1.1690000295639038,1.159000039100647,1.159000039100647,4641400
2023-08-31,1.1710000038146973,1.1710000038146973,1.1729999780654907,1.1699999570846558,1.1720000505447388,3404700
2023-09-01,1.1649999618530273,1.1649999618530273,1.1699999570846558,1.1619999408721924,1.1699999570846558,2229400
2023-09-04,1.1690000295639038,1.1690000295639038,1.1690000295639038,1.1660000085830688,1.1660000085830688,3589600
2023-09-05,1.1699999570846558,1.1699999570846558,1.1699999570846558,1.1670000553131104,1.1690000295639038,14127300
2023-09-06,1.1670000553131104,1.1670000553131104,1.1699999570846558,1.1660000085830688,1.1670000553131104,10346600
2023-09-07,1.156999945640564,1.156999945640564,1.1610000133514404,1.1549999713897705,1.1610000133514404,4901300
2023-09-08,1.1619999408721924,1.1619999408721924,1.1619999408721924,1.1540000438690186,1.1540000438690186,3945000
2023-09-11,1.159999966621399,1.159999966621399,1.1629999876022339,1.156000018119812,1.1629999876022339,8150800
2023-09-12,1.1619999408721924,1.1619999408721924,1.1699999570846558,1.159999966621399,1.1699999570846558,8298000
2023-09-13,1.152999997138977,1.152999997138977,1.156000018119812,1.1519999504089355,1.1549999713897705,4516400
2023-09-14,1.156999945640564,1.156999945640564,1.159000039100647,1.1540000438690186,1.156000018119812,7649200
2023-09-15,1.1660000085830688,1.1660000085830688,1.1679999828338623,1.1629999876022339,1.1649999618530273,5710600
2023-09-18,1.1540000438690186,1.1540000438690186,1.1549999713897705,1.1519999504089355,1.152999997138977,3946600
2023-09-19,1.1540000438690186,1.1540000438690186,1.1549999713897705,1.152999997138977,1.1549999713897705,7058300
2023-09-20,1.1519999504089355,1.1519999504089355,1.1540000438690186,1.1490000486373901,1.1510000228881836,9998800
2023-09-21,1.1360000371932983,1.1360000371932983,1.1449999809265137,1.1319999694824219,1.1399999856948853,20101300
2023-09-22,1.1239999532699585,1.1239999532699585,1.1269999742507935,1.11899995803833,1.1200000047683716,11563700
2023-09-25,1.121000051498413,1.121000051498413,1.1230000257492065,1.11899995803833,1.121999979019165,5477100
2023-09-26,1.1169999837875366,1.1169999837875366,1.121999979019165,1.1150000095367432,1.121999979019165,2673200
2023-09-27,1.1100000143051147,1.1100000143051147,1.1109999418258667,1.1019999980926514,1.1100000143051147,5278300
2023-09-28,1.1089999675750732,1.1089999675750732,1.1119999885559082,1.1080000400543213,1.1089999675750732,2185200
2023-10-09,1.1069999933242798,1.1069999933242798,1.1089999675750732,1.1039999723434448,1.1089999675750732,5662900
2023-10-10,1.11899995803833,1.11899995803833,1.121000051498413,1.1150000095367432,1.1150000095367432,5934700
2023-10-11,1.125,1.125,1.1269999742507935,1.1230000257492065,1.1239999532699585,4850600
2023-10-12,1.1339999437332153,1.1339999437332153,1.1349999904632568,1.1299999952316284,1.1299999952316284,10258300
2023-10-13,1.125,1.125,1.1269999742507935,1.125,1.1269999742507935,4583300
2023-10-16,1.121999979019165,1.121999979019165,1.1230000257492065,1.1200000047683716,1.121999979019165,4821000
2023-10-17,1.1299999952316284,1.1299999952316284,1.1330000162124634,1.128999948501587,1.1319999694824219,3364900
2023-10-18,1.128999948501587,1.128999948501587,1.128999948501587,1.1269999742507935,1.128999948501587,5917800
2023-10-19,1.1150000095367432,1.1150000095367432,1.11899995803833,1.1130000352859497,1.1150000095367432,2885200
2023-10-20,1.1059999465942383,1.1059999465942383,1.1130000352859497,1.1019999980926514,1.1130000352859497,3398300
2023-10-23,1.097000002861023,1.097000002861023,1.0980000495910645,1.0950000286102295,1.097000002861023,2005400
2023-10-24,1.0980000495910645,1.0980000495910645,1.1050000190734863,1.0920000076293945,1.0950000286102295,6940300
2023-10-25,1.0989999771118164,1.0989999771118164,1.1080000400543213,1.097000002861023,1.1080000400543213,7084400
2023-10-26,1.0789999961853027,1.0789999961853027,1.0839999914169312,1.0700000524520874,1.0839999914169312,6125000
2023-10-27,1.0800000429153442,1.0800000429153442,1.0800000429153442,1.0750000476837158,1.0770000219345093,7174900
2023-10-30,1.0750000476837158,1.0750000476837158,1.0750000476837158,1.0709999799728394,1.0709999799728394,8348300
2023-10-31,1.0800000429153442,1.0800000429153442,1.0829999446868896,1.0770000219345093,1.0800000429153442,12162700
2023-11-01,1.0880000591278076,1.0880000591278076,1.0889999866485596,1.0829999446868896,1.0829999446868896,5940100
2023-11-02,1.100000023841858,1.100000023841858,1.1030000448226929,1.0989999771118164,1.1009999513626099,10551000
2023-11-03,1.1200000047683716,1.1200000047683716,1.121000051498413,1.1160000562667847,1.1160000562667847,18495200
2023-11-06,1.1269999742507935,1.1269999742507935,1.1299999952316284,1.1230000257492065,1.128999948501587,18693500
2023-11-07,1.128999948501587,1.128999948501587,1.128999948501587,1.1239999532699585,1.125,10521500
2023-11-08,1.1360000371932983,1.1360000371932983,1.1380000114440918,1.1319999694824219,1.1319999694824219,10939200
2023-11-09,1.1399999856948853,1.1399999856948853,1.1399999856948853,1.1360000371932983,1.1369999647140503,15620300
2023-11-10,1.1299999952316284,1.1299999952316284,1.1339999437332153,1.1260000467300415,1.128999948501587,16454200
2023-11-13,1.1430000066757202,1.1430000066757202,1.1469999551773071,1.1410000324249268,1.1449999809265137,12540500
2023-11-14,1.1449999809265137,1.1449999809265137,1.1460000276565552,1.1430000066757202,1.1440000534057617,2811300
2023-11-15,1.1670000553131104,1.1670000553131104,1.1670000553131104,1.1610000133514404,1.1629999876022339,13544500
2023-11-16,1.1670000553131104,1.1670000553131104,1.1670000553131104,1.1640000343322754,1.1640000343322754,2346900
2023-11-17,1.1679999828338623,1.1679999828338623,1.1690000295639038,1.1660000085830688,1.1670000553131104,1243500
2023-11-20,1.1640000343322754,1.1640000343322754,1.1690000295639038,1.1610000133514404,1.1660000085830688,19471900
2023-11-21,1.1690000295639038,1.1690000295639038,1.1729999780654907,1.1670000553131104,1.1729999780654907,18175100
2023-11-22,1.1649999618530273,1.1649999618530273,1.1670000553131104,1.1640000343322754,1.1660000085830688,1969600
2023-11-23,1.1690000295639038,1.1690000295639038,1.1729999780654907,1.1690000295639038,1.1690000295639038,5745200
2023-11-24,1.1729999780654907,1.1729999780654907,1.1729999780654907,1.1710000038146973,1.1720000505447388,2479400
2023-11-27,1.1699999570846558,1.1699999570846558,1.1740000247955322,1.1679999828338623,1.1740000247955322,4141500
2023-11-28,1.1720000505447388,1.1720000505447388,1.1729999780654907,1.1690000295639038,1.1690000295639038,37651600
2023-11-29,1.1710000038146973,1.1710000038146973,1.1710000038146973,1.1679999828338623,1.1710000038146973,3198000
2023-11-30,1.1710000038146973,1.1710000038146973,1.1710000038146973,1.1679999828338623,1.1699999570846558,10716600
2023-12-01,1.1749999523162842,1.1749999523162842,1.1749999523162842,1.1720000505447388,1.1729999780654907,5745900
2023-12-04,1.1799999475479126,1.1799999475479126,1.1820000410079956,1.1779999732971191,1.1779999732971191,5073500
2023-12-05,1.1729999780654907,1.1729999780654907,1.1749999523162842,1.1729999780654907,1.1740000247955322,6225600
2023-12-06,1.180999994277954,1.180999994277954,1.1820000410079956,1.1759999990463257,1.1770000457763672,6032100
2023-12-07,1.1729999780654907,1.1729999780654907,1.1740000247955322,1.1710000038146973,1.1729999780654907,8145800
2023-12-08,1.180999994277954,1.180999994277954,1.180999994277954,1.1790000200271606,1.1790000200271606,3867000
2023-12-11,1.187999963760376,1.187999963760376,1.190000057220459,1.1829999685287476,1.1859999895095825,22875900
2023-12-12,1.1929999589920044,1.1929999589920044,1.1950000524520874,1.190000057220459,1.190000057220459,11643200
2023-12-13,1.1990000009536743,1.1990000009536743,1.2000000476837158,1.1970000267028809,1.1970000267028809,9620100
2023-12-14,1.2139999866485596,1.2139999866485596,1.215000033378601,1.2079999446868896,1.2120000123977661,18528700
2023-12-15,1.2109999656677246,1.2109999656677246,1.215000033378601,1.2100000381469727,1.2139999866485596,6154100
2023-12-18,1.2139999866485596,1.2139999866485596,1.2139999866485596,1.2100000381469727,1.2100000381469727,14619600
2023-12-19,1.218999981880188,1.218999981880188,1.218999981880188,1.2170000076293945,1.2170000076293945,7596400
2023-12-20,1.2259999513626099,1.2259999513626099,1.2269999980926514,1.2230000495910645,1.2239999771118164,7583700
2023-12-21,1.2130000591278076,1.2130000591278076,1.2130000591278076,1.2039999961853027,1.2070000171661377,7483100
2023-12-22,1.2200000286102295,1.2200000286102295,1.222000002861023,1.218000054359436,1.2200000286102295,6634400
2023-12-25,1.2230000495910645,1.2230000495910645,1.2239999771118164,1.2130000591278076,1.2130000591278076,4351400
2023-12-26,1.2259999513626099,1.2259999513626099,1.2269999980926514,1.222000002861023,1.2259999513626099,3534500
2023-12-27,1.2309999465942383,1.2309999465942383,1.2319999933242798,1.2280000448226929,1.2280000448226929,4025400
2023-12-28,1.2280000448226929,1.2280000448226929,1.2319999933242798,1.2259999513626099,1.2309999465942383,11525300
2023-12-29,1.2259999513626099,1.2259999513626099,1.2289999723434448,1.2239999771118164,1.2280000448226929,8717900
2024-01-02,1.2269999980926514,1.2269999980926514,1.2280000448226929,1.2230000495910645,1.225000023841858,11038100
2024-01-03,1.2209999561309814,1.2209999561309814,1.2230000495910645,1.2200000286102295,1.2230000495910645,13580700
2024-01-04,1.2130000591278076,1.2130000591278076,1.215000033378601,1.2130000591278076,1.2139999866485596,22583500
2024-01-05,1.2079999446868896,1.2079999446868896,1.2120000123977661,1.2070000171661377,1.2089999914169312,12635900
2024-01-08,1.2109999656677246,1.2109999656677246,1.2170000076293945,1.2089999914169312,1.2100000381469727,4366900
2024-01-09,1.2269999980926514,1.2269999980926514,1.2289999723434448,1.2239999771118164,1.2239999771118164,21343400
2024-01-10,1.2269999980926514,1.2269999980926514,1.2280000448226929,1.225000023841858,1.2269999980926514,11092000
2024-01-11,1.2359999418258667,1.2359999418258667,1.2369999885559082,1.2300000190734863,1.2300000190734863,8486500
2024-01-12,1.2309999465942383,1.2309999465942383,1.2330000400543213,1.2289999723434448,1.2330000400543213,15927800
2024-01-15,1.2309999465942383,1.2309999465942383,1.2309999465942383,1.2309999465942383,1.2309999465942383,0
2024-01-16,1.2280000448226929,1.2280000448226929,1.2350000143051147,1.2269999980926514,1.2350000143051147,29689000
2024-01-17,1.222000002861023,1.222000002861023,1.2309999465942383,1.222000002861023,1.2280000448226929,30061700
2024-01-18,1.222000002861023,1.222000002861023,1.2230000495910645,1.2200000286102295,1.2200000286102295,12379000
2024-01-19,1.2319999933242798,1.2319999933242798,1.2330000400543213,1.2300000190734863,1.2330000400543213,20936100
2024-01-22,1.253999948501587,1.253999948501587,1.2549999952316284,1.246999979019165,1.2480000257492065,34277100
2024-01-23,1.2519999742507935,1.2519999742507935,1.2610000371932983,1.25,1.2580000162124634,60631000
2024-01-24,1.2569999694824219,1.2569999694824219,1.2630000114440918,1.2549999952316284,1.2549999952316284,125033700
2024-01-25,1.253999948501587,1.253999948501587,1.2580000162124634,1.2510000467300415,1.2569999694824219,51503300
2024-01-26,1.253000020980835,1.253000020980835,1.2569999694824219,1.2519999742507935,1.253000020980835,43381100
2024-01-29,1.2580000162124634,1.2580000162124634,1.2580000162124634,1.2519999742507935,1.2519999742507935,16349900
2024-01-30,1.2649999856948853,1.2649999856948853,1.2690000534057617,1.2649999856948853,1.2690000534057617,59334500
2024-01-31,1.2599999904632568,1.2599999904632568,1.2610000371932983,1.2580000162124634,1.2610000371932983,36294200
2024-02-01,1.246000051498413,1.246000051498413,1.25,1.2419999837875366,1.2419999837875366,27633200
2024-02-02,1.2699999809265137,1.2699999809265137,1.2699999809265137,1.2630000114440918,1.2649999856948853,40313100
2024-02-05,1.2730000019073486,1.2730000019073486,1.2829999923706055,1.2690000534057617,1.2799999713897705,40982400
2024-02-06,1.2669999599456787,1.2669999599456787,1.2699999809265137,1.2640000581741333,1.2699999809265137,25220000
2024-02-07,1.2669999599456787,1.2669999599456787,1.2680000066757202,1.2649999856948853,1.2660000324249268,14123000
2024-02-08,1.2860000133514404,1.2860000133514404,1.2860000133514404,1.2740000486373901,1.2740000486373901,53380400
2024-02-19,1.2970000505447388,1.2970000505447388,1.2970000505447388,1.281000018119812,1.281000018119812,46830800
2024-02-20,1.2960000038146973,1.2960000038146973,1.2970000505447388,1.2910000085830688,1.2940000295639038,25657900
2024-02-21,1.2829999923706055,1.2829999923706055,1.2869999408721924,1.2799999713897705,1.284999966621399,25555400
2024-02-22,1.2970000505447388,1.2970000505447388,1.2979999780654907,1.2920000553131104,1.2920000553131104,30233300
2024-02-23,1.315999984741211,1.315999984741211,1.3259999752044678,1.3009999990463257,1.3009999990463257,33346700
2024-02-26,1.312000036239624,1.312000036239624,1.3140000104904175,1.3079999685287476,1.309999942779541,22701700
2024-02-27,1.309000015258789,1.309000015258789,1.312000036239624,1.3070000410079956,1.3109999895095825,18592800
2024-02-28,1.315999984741211,1.315999984741211,1.3170000314712524,1.3109999895095825,1.312000036239624,21330500
2024-02-29,1.312999963760376,1.312999963760376,1.315999984741211,1.312000036239624,1.315000057220459,21442400
2024-03-01,1.3250000476837158,1.3250000476837158,1.3270000219345093,1.3179999589920044,1.3179999589920044,21503500
2024-03-04,1.3309999704360962,1.3309999704360962,1.3339999914169312,1.3300000429153442,1.3300000429153442,17012100
2024-03-05,1.3270000219345093,1.3270000219345093,1.3300000429153442,1.3250000476837158,1.3300000429153442,11146000
2024-03-06,1.3200000524520874,1.3200000524520874,1.3209999799728394,1.3140000104904175,1.3170000314712524,15181200
2024-03-07,1.3200000524520874,1.3200000524520874,1.3250000476837158,1.3179999589920044,1.3220000267028809,22668800
2024-03-08,1.3380000591278076,1.3380000591278076,1.3389999866485596,1.3339999914169312,1.3339999914169312,51180200
2024-03-11,1.3270000219345093,1.3270000219345093,1.3300000429153442,1.3240000009536743,1.3279999494552612,31526100
2024-03-12,1.3250000476837158,1.3250000476837158,1.3270000219345093,1.3240000009536743,1.3270000219345093,27189100
2024-03-13,1.3339999914169312,1.3339999914169312,1.3350000381469727,1.3320000171661377,1.3339999914169312,31298500
2024-03-14,1.3370000123977661,1.3370000123977661,1.3380000591278076,1.3329999446868896,1.3329999446868896,24514200
2024-03-15,1.3270000219345093,1.3270000219345093,1.3320000171661377,1.3259999752044678,1.3320000171661377,41099300
2024-03-18,1.3220000267028809,1.3220000267028809,1.3229999542236328,1.3200000524520874,1.3209999799728394,45401100
2024-03-19,1.3259999752044678,1.3259999752044678,1.3259999752044678,1.3220000267028809,1.3240000009536743,31891900
2024-03-20,1.3359999656677246,1.3359999656677246,1.3359999656677246,1.3320000171661377,1.3320000171661377,39555500
2024-03-21,1.3609999418258667,1.3609999418258667,1.3630000352859497,1.350000023841858,1.3559999465942383,52926600
2024-03-22,1.3669999837875366,1.3669999837875366,1.3680000305175781,1.3589999675750732,1.3609999418258667,55002100
2024-03-25,1.3569999933242798,1.3569999933242798,1.3660000562667847,1.3559999465942383,1.3660000562667847,108765000
2024-03-26,1.3609999418258667,1.3609999418258667,1.3609999418258667,1.3530000448226929,1.3530000448226929,41445800
2024-03-27,1.3600000143051147,1.3600000143051147,1.3609999418258667,1.3559999465942383,1.3559999465942383,43008700
2024-03-28,1.36899995803833,1.36899995803833,1.371999979019165,1.3639999628067017,1.3700000047683716,93279700
2024-03-29,1.38100004196167,1.38100004196167,1.3839999437332153,1.3639999628067017,1.36899995803833,40170200
2024-04-01,1.3830000162124634,1.3830000162124634,1.3880000114440918,1.378999948501587,1.3799999952316284,39251500
2024-04-02,1.3700000047683716,1.3700000047683716,1.375,1.3650000095367432,1.375,47412100
2024-04-03,1.350000023841858,1.350000023841858,1.3580000400543213,1.3480000495910645,1.3580000400543213,85136800
2024-04-08,1.350000023841858,1.350000023841858,1.3530000448226929,1.3489999771118164,1.3509999513626099,50330100
2024-04-09,1.3530000448226929,1.3530000448226929,1.3550000190734863,1.3489999771118164,1.3489999771118164,44122600
2024-04-10,1.3530000448226929,1.3530000448226929,1.3550000190734863,1.3459999561309814,1.3539999723434448,28218400
2024-04-11,1.340000033378601,1.340000033378601,1.3420000076293945,1.3370000123977661,1.3389999866485596,31105100
2024-04-12,1.3519999980926514,1.3519999980926514,1.3519999980926514,1.3489999771118164,1.350000023841858,34900400
2024-04-15,1.3370000123977661,1.3370000123977661,1.3380000591278076,1.3329999446868896,1.3359999656677246,27564600
2024-04-16,1.309999942779541,1.309999942779541,1.3170000314712524,1.305999994277954,1.3170000314712524,71927400
2024-04-17,1.3109999895095825,1.3109999895095825,1.315000057220459,1.3079999685287476,1.3109999895095825,33204700
2024-04-18,1.3109999895095825,1.3109999895095825,1.312000036239624,1.3029999732971191,1.3029999732971191,33512000
2024-04-19,1.2929999828338623,1.2929999828338623,1.2949999570846558,1.2799999713897705,1.2920000553131104,59620400
2024-04-22,1.2970000505447388,1.2970000505447388,1.2970000505447388,1.284000039100647,1.284000039100647,32900000
2024-04-23,1.305999994277954,1.305999994277954,1.3070000410079956,1.2960000038146973,1.3020000457763672,39255800
2024-04-24,1.3279999494552612,1.3279999494552612,1.3309999704360962,1.3209999799728394,1.3209999799728394,58630200
2024-04-25,1.315000057220459,1.315000057220459,1.3170000314712524,1.3109999895095825,1.312999963760376,29402400
2024-04-26,1.3250000476837158,1.3250000476837158,1.3270000219345093,1.3179999589920044,1.3179999589920044,18780500
2024-04-29,1.3300000429153442,1.3300000429153442,1.3329999446868896,1.3289999961853027,1.3320000171661377,22339100
2024-04-30,1.3309999704360962,1.3309999704360962,1.3309999704360962,1.3289999961853027,1.3300000429153442,9528400
2024-05-06,1.3300000429153442,1.3300000429153442,1.3309999704360962,1.3270000219345093,1.3309999704360962,23449000
2024-05-07,1.3420000076293945,1.3420000076293945,1.3420000076293945,1.340000033378601,1.340000033378601,9033400
2024-05-08,1.3450000286102295,1.3450000286102295,1.3459999561309814,1.343999981880188,1.343999981880188,9892800
2024-05-09,1.343000054359436,1.343000054359436,1.3459999561309814,1.343000054359436,1.3459999561309814,10083700
2024-05-10,1.3550000190734863,1.3550000190734863,1.3550000190734863,1.3489999771118164,1.3489999771118164,13086700
2024-05-13,1.3600000143051147,1.3600000143051147,1.3609999418258667,1.3550000190734863,1.3550000190734863,9732200
2024-05-14,1.3600000143051147,1.3600000143051147,1.3600000143051147,1.3559999465942383,1.3569999933242798,9698300
2024-05-15,1.3680000305175781,1.3680000305175781,1.36899995803833,1.3650000095367432,1.3650000095367432,18471500
2024-05-16,1.3849999904632568,1.3849999904632568,1.3899999856948853,1.3819999694824219,1.3819999694824219,41619400
2024-05-17,1.378000020980835,1.378000020980835,1.38100004196167,1.3769999742507935,1.3799999952316284,22972600
2024-05-20,1.3799999952316284,1.3799999952316284,1.3819999694824219,1.378000020980835,1.378999948501587,24467500
2024-05-21,1.3799999952316284,1.3799999952316284,1.38100004196167,1.378999948501587,1.3799999952316284,25366300
2024-05-22,1.3839999437332153,1.3839999437332153,1.3849999904632568,1.3819999694824219,1.3819999694824219,15289900
2024-05-23,1.3890000581741333,1.3890000581741333,1.3899999856948853,1.3819999694824219,1.3819999694824219,40672600
2024-05-24,1.371000051498413,1.371000051498413,1.3730000257492065,1.3680000305175781,1.3700000047683716,32834400
2024-05-27,1.38100004196167,1.38100004196167,1.3819999694824219,1.3760000467300415,1.3760000467300415,13283900
2024-05-28,1.3819999694824219,1.3819999694824219,1.3830000162124634,1.38100004196167,1.3819999694824219,13019000
2024-05-29,1.3769999742507935,1.3769999742507935,1.3819999694824219,1.3739999532699585,1.3819999694824219,12215100
2024-05-30,1.3609999418258667,1.3609999418258667,1.3660000562667847,1.3600000143051147,1.3619999885559082,13085900
2024-05-31,1.3600000143051147,1.3600000143051147,1.3600000143051147,1.3550000190734863,1.3550000190734863,27184100
2024-06-03,1.378999948501587,1.378999948501587,1.3799999952316284,1.3739999532699585,1.375,17650788
2024-06-04,1.3760000467300415,1.3760000467300415,1.3819999694824219,1.375,1.3819999694824219,15730700
2024-06-05,1.38100004196167,1.38100004196167,1.3830000162124634,1.3769999742507935,1.3769999742507935,15395500
2024-06-06,1.3990000486373901,1.3990000486373901,1.399999976158142,1.3960000276565552,1.3960000276565552,19189200
2024-06-07,1.399999976158142,1.399999976158142,1.4019999504089355,1.3960000276565552,1.3990000486373901,25983100
2024-06-11,1.409000039100647,1.409000039100647,1.4110000133514404,1.3980000019073486,1.399999976158142,35487700
2024-06-12,1.4149999618530273,1.4149999618530273,1.4149999618530273,1.406999945640564,1.409000039100647,26202600
2024-06-13,1.4210000038146973,1.4210000038146973,1.430999994277954,1.4190000295639038,1.4249999523162842,30630900
2024-06-14,1.4220000505447388,1.4220000505447388,1.4229999780654907,1.4210000038146973,1.4220000505447388,25054600
2024-06-17,1.4190000295639038,1.4190000295639038,1.4210000038146973,1.4149999618530273,1.4210000038146973,26532100
2024-06-18,1.4279999732971191,1.4279999732971191,1.4299999475479126,1.4270000457763672,1.4290000200271606,24730500
2024-06-19,1.434000015258789,1.434000015258789,1.4359999895095825,1.4290000200271606,1.4299999475479126,24764300
2024-06-20,1.4420000314712524,1.4420000314712524,1.444000005722046,1.434000015258789,1.4359999895095825,23566600
2024-06-21,1.4320000410079956,1.4320000410079956,1.4359999895095825,1.4299999475479126,1.4329999685287476,39867300
2024-06-24,1.4299999475479126,1.4299999475479126,1.4299999475479126,1.4240000247955322,1.4299999475479126,21131200
2024-06-25,1.4270000457763672,1.4270000457763672,1.4270000457763672,1.4220000505447388,1.4240000247955322,38828800
2024-06-26,1.437000036239624,1.437000036239624,1.437000036239624,1.430999994277954,1.4320000410079956,38233100
2024-06-27,1.4459999799728394,1.4459999799728394,1.4479999542236328,1.430999994277954,1.434000015258789,69767400
2024-06-28,1.4609999656677246,1.4609999656677246,1.4630000591278076,1.444000005722046,1.4450000524520874,78411900
2024-07-01,1.4520000219345093,1.4520000219345093,1.4620000123977661,1.4490000009536743,1.4520000219345093,55855000
2024-07-02,1.4470000267028809,1.4470000267028809,1.4579999446868896,1.4470000267028809,1.4579999446868896,52860400
2024-07-03,1.468000054359436,1.468000054359436,1.468999981880188,1.4559999704360962,1.4589999914169312,34363100
2024-07-04,1.4730000495910645,1.4730000495910645,1.4950000047683716,1.4600000381469727,1.4800000190734863,102709700
2024-07-05,1.4730000495910645,1.4730000495910645,1.4850000143051147,1.465999960899353,1.472000002861023,54419800
2024-07-08,1.4800000190734863,1.4800000190734863,1.4819999933242798,1.468999981880188,1.4809999465942383,68257100
2024-07-09,1.4839999675750732,1.4839999675750732,1.4859999418258667,1.4769999980926514,1.4830000400543213,57277900
2024-07-10,1.4789999723434448,1.4789999723434448,1.4869999885559082,1.4759999513626099,1.4859999418258667,46953300
2024-07-11,1.4919999837875366,1.4919999837875366,1.49399995803833,1.4859999418258667,1.4889999628067017,27272600
2024-07-12,1.468999981880188,1.468999981880188,1.4739999771118164,1.4579999446868896,1.4730000495910645,73856900
2024-07-15,1.4950000047683716,1.4950000047683716,1.4950000047683716,1.4759999513626099,1.4769999980926514,62081700
2024-07-16,1.5080000162124634,1.5080000162124634,1.5089999437332153,1.496000051498413,1.496000051498413,74183100
2024-07-17,1.5099999904632568,1.5099999904632568,1.531000018119812,1.5080000162124634,1.5180000066757202,109276000
2024-07-18,1.4980000257492065,1.4980000257492065,1.4980000257492065,1.4639999866485596,1.4639999866485596,66603300
2024-07-19,1.4769999980926514,1.4769999980926514,1.496000051498413,1.4739999771118164,1.4780000448226929,43265600
2024-07-22,1.4539999961853027,1.4539999961853027,1.468000054359436,1.4500000476837158,1.4639999866485596,94216000
2024-07-23,1.4769999980926514,1.4769999980926514,1.4859999418258667,1.472000002861023,1.4730000495910645,55738700
2024-07-24,1.4630000591278076,1.4630000591278076,1.4739999771118164,1.4609999656677246,1.4739999771118164,48546800
2024-07-25,1.4240000247955322,1.4240000247955322,1.4329999685287476,1.4170000553131104,1.4259999990463257,87913712
2024-07-26,1.4299999475479126,1.4299999475479126,1.430999994277954,1.4179999828338623,1.4199999570846558,46149100
2024-07-29,1.4609999656677246,1.4609999656677246,1.4620000123977661,1.4450000524520874,1.4459999799728394,49960312
2024-07-30,1.4529999494552612,1.4529999494552612,1.4559999704360962,1.444000005722046,1.4500000476837158,34908600
2024-07-31,1.4539999961853027,1.4539999961853027,1.4559999704360962,1.4420000314712524,1.4429999589920044,46082200
2024-08-01,1.4709999561309814,1.4709999561309814,1.4839999675750732,1.4700000286102295,1.4789999723434448,69834000
2024-08-02,1.4320000410079956,1.4320000410079956,1.4470000267028809,1.4210000038146973,1.4450000524520874,82879900
2024-08-05,1.340000033378601,1.340000033378601,1.3799999952316284,1.3300000429153442,1.378000020980835,130476600
2024-08-06,1.3530000448226929,1.3530000448226929,1.36899995803833,1.3489999771118164,1.3630000352859497,106147300
2024-08-07,1.3660000562667847,1.3660000562667847,1.3730000257492065,1.3530000448226929,1.3559999465942383,82076600
2024-08-08,1.3509999513626099,1.3509999513626099,1.3550000190734863,1.343000054359436,1.350000023841858,47648900
2024-08-09,1.3849999904632568,1.3849999904632568,1.3880000114440918,1.3760000467300415,1.38100004196167,55449600
2024-08-12,1.3990000486373901,1.3990000486373901,1.399999976158142,1.3880000114440918,1.3919999599456787,32769400
2024-08-13,1.4140000343322754,1.4140000343322754,1.4149999618530273,1.3969999551773071,1.3980000019073486,28677300
2024-08-14,1.437000036239624,1.437000036239624,1.4420000314712524,1.4279999732971191,1.440000057220459,38036900
2024-08-15,1.4539999961853027,1.4539999961853027,1.4550000429153442,1.4420000314712524,1.4450000524520874,32531700
2024-08-16,1.4759999513626099,1.4759999513626099,1.4869999885559082,1.4709999561309814,1.4869999885559082,34188600
2024-08-19,1.4550000429153442,1.4550000429153442,1.4839999675750732,1.4529999494552612,1.4819999933242798,41657700
2024-08-20,1.4700000286102295,1.4700000286102295,1.475000023841858,1.4670000076293945,1.4739999771118164,37414700
2024-08-21,1.472000002861023,1.472000002861023,1.4730000495910645,1.4600000381469727,1.4620000123977661,19455900
2024-08-22,1.4769999980926514,1.4769999980926514,1.4819999933242798,1.4700000286102295,1.4789999723434448,33457836
2024-08-23,1.468999981880188,1.468999981880188,1.4700000286102295,1.4600000381469727,1.4639999866485596,32770400
2024-08-26,1.4800000190734863,1.4800000190734863,1.4830000400543213,1.475000023841858,1.4789999723434448,26450900
2024-08-27,1.475000023841858,1.475000023841858,1.4830000400543213,1.4700000286102295,1.4730000495910645,28610900
2024-08-28,1.4900000095367432,1.4900000095367432,1.4980000257492065,1.472000002861023,1.4739999771118164,46301900
2024-08-29,1.472000002861023,1.472000002861023,1.4780000448226929,1.465999960899353,1.475000023841858,36304700
2024-08-30,1.4769999980926514,1.4769999980926514,1.4780000448226929,1.472000002861023,1.475000023841858,30146400
2024-09-02,1.4930000305175781,1.4930000305175781,1.496000051498413,1.4850000143051147,1.4850000143051147,35240500
2024-09-03,1.5,1.5,1.5080000162124634,1.4930000305175781,1.49399995803833,38803000
2024-09-04,1.437000036239624,1.437000036239624,1.4520000219345093,1.437000036239624,1.4490000009536743,73521200
2024-09-05,1.4459999799728394,1.4459999799728394,1.4550000429153442,1.4390000104904175,1.440000057220459,41130226
2024-09-06,1.434000015258789,1.434000015258789,1.4420000314712524,1.4320000410079956,1.434999942779541,51660800
2024-09-09,1.4259999990463257,1.4259999990463257,1.4270000457763672,1.4110000133514404,1.4170000553131104,47416316
2024-09-10,1.4240000247955322,1.4240000247955322,1.4390000104904175,1.4220000505447388,1.437000036239624,44850630
2024-09-11,1.4240000247955322,1.4240000247955322,1.4329999685287476,1.4179999828338623,1.4329999685287476,71929600
2024-09-12,1.4459999799728394,1.4459999799728394,1.4479999542236328,1.440999984741211,1.440999984741211,80196300
2024-09-13,1.4500000476837158,1.4500000476837158,1.4570000171661377,1.4490000009536743,1.4539999961853027,53110700
2024-09-18,1.4550000429153442,1.4550000429153442,1.4620000123977661,1.4529999494552612,1.4620000123977661,45793500
2024-09-19,1.4670000076293945,1.4670000076293945,1.468000054359436,1.4539999961853027,1.4570000171661377,64367000
2024-09-20,1.4739999771118164,1.4739999771118164,1.4800000190734863,1.4730000495910645,1.4769999980926514,56756542
2024-09-23,1.468999981880188,1.468999981880188,1.4780000448226929,1.4670000076293945,1.4769999980926514,52261900
2024-09-24,1.4589999914169312,1.4589999914169312,1.4709999561309814,1.4529999494552612,1.4700000286102295,79055800
2024-09-25,1.4520000219345093,1.4520000219345093,1.4550000429153442,1.4490000009536743,1.4539999961853027,64498800
2024-09-26,1.4589999914169312,1.4589999914169312,1.4600000381469727,1.4539999961853027,1.4570000171661377,79671600
2024-09-27,1.4420000314712524,1.4420000314712524,1.4520000219345093,1.434000015258789,1.4470000267028809,53721700
2024-09-30,1.4470000267028809,1.4470000267028809,1.4500000476837158,1.4119999408721924,1.4149999618530273,153783209
2024-10-08,1.4450000524520874,1.4450000524520874,1.4520000219345093,1.4110000133514404,1.4270000457763672,108518200
2024-10-09,1.4609999656677246,1.4609999656677246,1.468000054359436,1.4559999704360962,1.4579999446868896,59740200
2024-10-10,1.4739999771118164,1.4739999771118164,1.4800000190734863,1.4700000286102295,1.4709999561309814,68509200
2024-10-11,1.4759999513626099,1.4759999513626099,1.4780000448226929,1.4730000495910645,1.475000023841858,83297800
2024-10-14,1.4859999418258667,1.4859999418258667,1.4859999418258667,1.4809999465942383,1.4830000400543213,102430700
2024-10-15,1.5160000324249268,1.5160000324249268,1.5180000066757202,1.4980000257492065,1.4989999532699585,144178800
2024-10-16,1.5010000467300415,1.5010000467300415,1.50600004196167,1.496000051498413,1.5,75783200
2024-10-17,1.5169999599456787,1.5169999599456787,1.5190000534057617,1.5049999952316284,1.5080000162124634,81346500
2024-10-18,1.5099999904632568,1.5099999904632568,1.5140000581741333,1.503000020980835,1.5119999647140503,91331300
2024-10-21,1.5089999437332153,1.5089999437332153,1.5140000581741333,1.5049999952316284,1.5089999437332153,72588100
2024-10-22,1.5019999742507935,1.5019999742507935,1.50600004196167,1.4980000257492065,1.50600004196167,96205200
2024-10-23,1.503000020980835,1.503000020980835,1.503000020980835,1.5,1.5010000467300415,67515700
2024-10-24,1.4919999837875366,1.4919999837875366,1.4980000257492065,1.4889999628067017,1.4900000095367432,52570100
2024-10-25,1.4930000305175781,1.4930000305175781,1.496000051498413,1.4910000562667847,1.4919999837875366,40115200
2024-10-28,1.5010000467300415,1.5010000467300415,1.5019999742507935,1.4980000257492065,1.4989999532699585,73237400
2024-10-29,1.4989999532699585,1.4989999532699585,1.5,1.4950000047683716,1.4980000257492065,43313800
2024-10-30,1.5049999952316284,1.5049999952316284,1.50600004196167,1.5019999742507935,1.5019999742507935,52976900
2024-10-31,1.4859999418258667,1.4859999418258667,1.4919999837875366,1.4839999675750732,1.4919999837875366,59693600
2024-11-01,1.4700000286102295,1.4700000286102295,1.4730000495910645,1.4600000381469727,1.4600000381469727,72440070
2024-11-04,1.465999960899353,1.465999960899353,1.4800000190734863,1.465000033378601,1.4670000076293945,78605400
2024-11-05,1.465000033378601,1.465000033378601,1.465999960899353,1.4600000381469727,1.4609999656677246,62037200
2024-11-06,1.5190000534057617,1.5190000534057617,1.5240000486373901,1.4880000352859497,1.49399995803833,210304400
2024-11-07,1.531999945640564,1.531999945640564,1.5440000295639038,1.5299999713897705,1.5379999876022339,222183700
2024-11-08,1.5410000085830688,1.5410000085830688,1.5420000553131104,1.534000039100647,1.534000039100647,90521800
2024-11-11,1.559999942779541,1.559999942779541,1.5609999895095825,1.5490000247955322,1.5490000247955322,85512900
2024-11-12,1.5720000267028809,1.5720000267028809,1.5740000009536743,1.559999942779541,1.5609999895095825,112284900
2024-11-13,1.5540000200271606,1.5540000200271606,1.562999963760376,1.5520000457763672,1.5609999895095825,74468400
2024-11-14,1.565999984741211,1.565999984741211,1.5670000314712524,1.5570000410079956,1.5570000410079956,80955500
2024-11-15,1.5440000295639038,1.5440000295639038,1.5509999990463257,1.5420000553131104,1.5490000247955322,68171900
2024-11-18,1.5399999618530273,1.5399999618530273,1.5410000085830688,1.531000018119812,1.5329999923706055,66802300
2024-11-19,1.5460000038146973,1.5460000038146973,1.5520000457763672,1.534000039100647,1.534999966621399,101472500
2024-11-20,1.559999942779541,1.559999942779541,1.5609999895095825,1.5509999990463257,1.5520000457763672,64672600
2024-11-21,1.5540000200271606,1.5540000200271606,1.5549999475479126,1.5479999780654907,1.5509999990463257,72710200
2024-11-22,1.5720000267028809,1.5720000267028809,1.5729999542236328,1.5640000104904175,1.5640000104904175,91606400
2024-11-25,1.593999981880188,1.593999981880188,1.593999981880188,1.5829999446868896,1.5829999446868896,167434000
2024-11-26,1.597000002861023,1.597000002861023,1.600000023841858,1.5800000429153442,1.590999960899353,231788200
2024-11-27,1.6069999933242798,1.6069999933242798,1.6239999532699585,1.600000023841858,1.6089999675750732,288545700
2024-11-28,1.5980000495910645,1.5980000495910645,1.6039999723434448,1.5920000076293945,1.597000002861023,151264300
2024-11-29,1.5959999561309814,1.5959999561309814,1.6039999723434448,1.593000054359436,1.6009999513626099,122241000
2024-12-02,1.6009999513626099,1.6009999513626099,1.6100000143051147,1.593999981880188,1.6059999465942383,144887200
2024-12-03,1.6089999675750732,1.6089999675750732,1.6119999885559082,1.6050000190734863,1.6080000400543213,124889700
2024-12-04,1.6080000400543213,1.6080000400543213,1.6119999885559082,1.6069999933242798,1.6119999885559082,100061800
2024-12-05,1.6150000095367432,1.6150000095367432,1.6169999837875366,1.6100000143051147,1.6160000562667847,101728081
2024-12-06,1.6080000400543213,1.6080000400543213,1.6119999885559082,1.6059999465942383,1.6080000400543213,80951600
2024-12-09,1.6230000257492065,1.6230000257492065,1.6230000257492065,1.6109999418258667,1.6130000352859497,92175800
2024-12-10,1.6100000143051147,1.6100000143051147,1.6119999885559082,1.6009999513626099,1.6050000190734863,111347500
2024-12-11,1.6069999933242798,1.6069999933242798,1.6069999933242798,1.6030000448226929,1.6050000190734863,73632300
2024-12-12,1.6150000095367432,1.6150000095367432,1.6239999532699585,1.6139999628067017,1.6230000257492065,75297790
2024-12-13,1.61899995803833,1.61899995803833,1.6200000047683716,1.6089999675750732,1.6119999885559082,62780500
2024-12-16,1.6360000371932983,1.6360000371932983,1.6369999647140503,1.6160000562667847,1.61899995803833,134794200
2024-12-17,1.6399999856948853,1.6399999856948853,1.656000018119812,1.628999948501587,1.6430000066757202,251773400
2024-12-18,1.6369999647140503,1.6369999647140503,1.6399999856948853,1.6319999694824219,1.6330000162124634,132445700
2024-12-19,1.5889999866485596,1.5889999866485596,1.5989999771118164,1.5839999914169312,1.5870000123977661,190898350
2024-12-20,1.5729999542236328,1.5729999542236328,1.5829999446868896,1.5709999799728394,1.5789999961853027,151250095
2024-12-23,1.6130000352859497,1.6130000352859497,1.6139999628067017,1.5950000286102295,1.5950000286102295,169890700
2024-12-24,1.6160000562667847,1.6160000562667847,1.628000020980835,1.6100000143051147,1.6269999742507935,227160700
2024-12-25,1.628000020980835,1.628000020980835,1.628999948501587,1.621999979019165,1.628999948501587,125278400
2024-12-26,1.6260000467300415,1.6260000467300415,1.628999948501587,1.6200000047683716,1.628999948501587,238885500
2024-12-27,1.621999979019165,1.621999979019165,1.625,1.6169999837875366,1.6230000257492065,176302000
2024-12-30,1.6059999465942383,1.6059999465942383,1.6080000400543213,1.6009999513626099,1.6050000190734863,143801100
2024-12-31,1.5950000286102295,1.5950000286102295,1.5959999561309814,1.5889999866485596,1.590999960899353,133077700
2025-01-02,1.6059999465942383,1.6059999465942383,1.6069999933242798,1.590999960899353,1.593999981880188,200326800
2025-01-03,1.593999981880188,1.593999981880188,1.6069999933242798,1.5920000076293945,1.5980000495910645,177265500
2025-01-06,1.625,1.625,1.625,1.6109999418258667,1.6139999628067017,265568200
2025-01-07,1.61899995803833,1.61899995803833,1.6380000114440918,1.6139999628067017,1.6339999437332153,300510300
2025-01-08,1.6139999628067017,1.6139999628067017,1.6150000095367432,1.600000023841858,1.6030000448226929,122114000
2025-01-09,1.6100000143051147,1.6100000143051147,1.6130000352859497,1.6080000400543213,1.6130000352859497,58956700
2025-01-10,1.6059999465942383,1.6059999465942383,1.6200000047683716,1.6019999980926514,1.6030000448226929,237661500
2025-01-13,1.5800000429153442,1.5800000429153442,1.590999960899353,1.5779999494552612,1.5850000381469727,118192100
2025-01-14,1.5950000286102295,1.5950000286102295,1.5989999771118164,1.5870000123977661,1.5920000076293945,91042200
2025-01-15,1.597000002861023,1.597000002861023,1.600000023841858,1.590999960899353,1.593000054359436,66323800
2025-01-16,1.625,1.625,1.6299999952316284,1.6180000305175781,1.628000020980835,93357508
2025-01-17,1.6260000467300415,1.6260000467300415,1.6260000467300415,1.6180000305175781,1.6180000305175781,65388480
2025-01-20,1.6369999647140503,1.6369999647140503,1.6390000581741333,1.6319999694824219,1.6380000114440918,81852300
2025-01-21,1.6339999437332153,1.6339999437332153,1.6380000114440918,1.63100004196167,1.6360000371932983,78788800
2025-01-22,1.6469999551773071,1.6469999551773071,1.6480000019073486,1.6410000324249268,1.6460000276565552,77781500
2025-01-23,1.6419999599456787,1.6419999599456787,1.6519999504089355,1.6399999856948853,1.6519999504089355,85736808
2025-01-24,1.649999976158142,1.649999976158142,1.656000018119812,1.6460000276565552,1.652999997138977,103310400
2025-01-27,1.6360000371932983,1.6360000371932983,1.6390000581741333,1.6269999742507935,1.6339999437332153,158076200
2025-02-05,1.6369999647140503,1.6369999647140503,1.6430000066757202,1.628999948501587,1.6349999904632568,98881300
2025-02-06,1.6410000324249268,1.6410000324249268,1.6469999551773071,1.6390000581741333,1.6440000534057617,56824300
2025-02-07,1.6339999437332153,1.6339999437332153,1.6440000534057617,1.63100004196167,1.6430000066757202,79494800
2025-02-10,1.6269999742507935,1.6269999742507935,1.628000020980835,1.6180000305175781,1.6239999532699585,66767500
2025-02-11,1.6260000467300415,1.6260000467300415,1.6330000162124634,1.625,1.628999948501587,41774300
2025-02-12,1.6200000047683716,1.6200000047683716,1.628999948501587,1.6169999837875366,1.6269999742507935,82110000
2025-02-13,1.6150000095367432,1.6150000095367432,1.621999979019165,1.6139999628067017,1.621000051498413,63905200
2025-02-14,1.6239999532699585,1.6239999532699585,1.625,1.621000051498413,1.625,69848525
2025-02-17,1.61899995803833,1.61899995803833,1.621000051498413,1.6100000143051147,1.621000051498413,73385400
2025-02-18,1.628999948501587,1.628999948501587,1.6299999952316284,1.6169999837875366,1.6169999837875366,54276401
2025-02-19,1.628000020980835,1.628000020980835,1.63100004196167,1.625,1.6299999952316284,49534800
2025-02-20,1.6239999532699585,1.6239999532699585,1.628999948501587,1.621999979019165,1.628000020980835,37198300
2025-02-21,1.6089999675750732,1.6089999675750732,1.6169999837875366,1.6059999465942383,1.6169999837875366,78407099
2025-02-24,1.5880000591278076,1.5880000591278076,1.5889999866485596,1.5789999961853027,1.5800000429153442,134010715
2025-02-25,1.5679999589920044,1.5679999589920044,1.5779999494552612,1.5670000314712524,1.5770000219345093,72470120
2025-02-26,1.5670000314712524,1.5670000314712524,1.569000005722046,1.559999942779541,1.5609999895095825,93433400
2025-02-27,1.5670000314712524,1.5670000314712524,1.5679999589920044,1.559999942779541,1.562000036239624,72030600
2025-02-28,1.5379999876022339,1.5379999876022339,1.5410000085830688,1.534000039100647,1.5410000085830688,261498799
2025-03-03,1.565000057220459,1.565000057220459,1.565999984741211,1.5549999475479126,1.5570000410079956,225565699
2025-03-04,1.5369999408721924,1.5369999408721924,1.5379999876022339,1.531000018119812,1.5360000133514404,97226600
2025-03-05,1.5230000019073486,1.5230000019073486,1.5260000228881836,1.5169999599456787,1.5219999551773071,182811599
2025-03-06,1.527999997138977,1.527999997138977,1.5290000438690186,1.5219999551773071,1.527999997138977,110678500
2025-03-07,1.5010000467300415,1.5010000467300415,1.50600004196167,1.4989999532699585,1.50600004196167,104950200
2025-03-10,1.5010000467300415,1.5010000467300415,1.503000020980835,1.496000051498413,1.4989999532699585,62425306
2025-03-11,1.465000033378601,1.465000033378601,1.468000054359436,1.4520000219345093,1.4529999494552612,163525590
2025-03-12,1.4559999704360962,1.4559999704360962,1.4589999914169312,1.4470000267028809,1.4559999704360962,103479000
2025-03-13,1.4529999494552612,1.4529999494552612,1.4630000591278076,1.4490000009536743,1.4630000591278076,87386500
2025-03-14,1.4529999494552612,1.4529999494552612,1.4529999494552612,1.4459999799728394,1.4479999542236328,93774700
2025-03-17,1.4589999914169312,1.4589999914169312,1.465999960899353,1.4589999914169312,1.4639999866485596,79139585
2025-03-18,1.4769999980926514,1.4769999980926514,1.4800000190734863,1.4700000286102295,1.4700000286102295,118019200
2025-03-19,1.4670000076293945,1.4670000076293945,1.4700000286102295,1.465000033378601,1.465000033378601,49388000
2025-03-20,1.49399995803833,1.49399995803833,1.496000051498413,1.4819999933242798,1.4819999933242798,125967300
2025-03-21,1.4859999418258667,1.4859999418258667,1.4910000562667847,1.4809999465942383,1.4910000562667847,54236400
2025-03-24,1.503999948501587,1.503999948501587,1.50600004196167,1.4930000305175781,1.4950000047683716,72217600
2025-03-25,1.527999997138977,1.527999997138977,1.5290000438690186,1.5180000066757202,1.5230000019073486,135993900
2025-03-26,1.5169999599456787,1.5169999599456787,1.534000039100647,1.5160000324249268,1.531999945640564,126676100
2025-03-27,1.5,1.5,1.503000020980835,1.496000051498413,1.496999979019165,74972981
2025-03-28,1.4900000095367432,1.4900000095367432,1.496000051498413,1.4900000095367432,1.496000051498413,40055800
2025-03-31,1.4459999799728394,1.4459999799728394,1.4539999961853027,1.444000005722046,1.4539999961853027,121901278
2025-04-01,1.4700000286102295,1.4700000286102295,1.4709999561309814,1.4579999446868896,1.4589999914169312,59221400
2025-04-02,1.4730000495910645,1.4730000495910645,1.4769999980926514,1.4709999561309814,1.4769999980926514,51386100
2025-04-03,1.4450000524520874,1.4450000524520874,1.4559999704360962,1.4420000314712524,1.4490000009536743,124825500
2025-04-07,1.3009999990463257,1.3009999990463257,1.305999994277954,1.3009999990463257,1.3009999990463257,140852601
2025-04-08,1.3530000448226929,1.3530000448226929,1.3589999675750732,1.340000033378601,1.340000033378601,197909754
2025-04-09,1.3029999732971191,1.3029999732971191,1.3140000104904175,1.2829999923706055,1.2999999523162842,241634940
2025-04-10,1.4329999685287476,1.4329999685287476,1.4329999685287476,1.4229999780654907,1.4329999685287476,246794874
2025-04-11,1.4010000228881836,1.4010000228881836,1.406999945640564,1.371000051498413,1.378000020980835,144376700
2025-04-14,1.4259999990463257,1.4259999990463257,1.4270000457763672,1.4129999876022339,1.4170000553131104,75233200
2025-04-15,1.4199999570846558,1.4199999570846558,1.4240000247955322,1.4160000085830688,1.4240000247955322,41493600
2025-04-16,1.4019999504089355,1.4019999504089355,1.4110000133514404,1.3960000276565552,1.409000039100647,65853300
2025-04-17,1.3980000019073486,1.3980000019073486,1.4010000228881836,1.3910000324249268,1.3930000066757202,45427800
2025-04-18,1.3919999599456787,1.3919999599456787,1.3940000534057617,1.3869999647140503,1.3940000534057617,39526700
2025-04-21,1.375,1.375,1.38100004196167,1.371999979019165,1.38100004196167,44341800
2025-04-22,1.371999979019165,1.371999979019165,1.3730000257492065,1.3589999675750732,1.3630000352859497,62872900
2025-04-23,1.409999966621399,1.409999966621399,1.4119999408721924,1.402999997138977,1.4110000133514404,67426800
2025-04-24,1.4040000438690186,1.4040000438690186,1.4129999876022339,1.402999997138977,1.4110000133514404,45402200
2025-04-25,1.444000005722046,1.444000005722046,1.4450000524520874,1.437999963760376,1.4390000104904175,54208000
2025-04-28,1.444000005722046,1.444000005722046,1.444000005722046,1.437000036239624,1.440000057220459,42192500
2025-04-29,1.4450000524520874,1.4450000524520874,1.4509999752044678,1.4429999589920044,1.4470000267028809,30698000
2025-04-30,1.4470000267028809,1.4470000267028809,1.4500000476837158,1.4429999589920044,1.4500000476837158,32310500
2025-05-06,1.4600000381469727,1.4600000381469727,1.468000054359436,1.4570000171661377,1.4670000076293945,52449700
2025-05-07,1.4609999656677246,1.4609999656677246,1.465999960899353,1.4600000381469727,1.4630000591278076,35723800
2025-05-08,1.4759999513626099,1.4759999513626099,1.4759999513626099,1.468000054359436,1.468000054359436,60206000
2025-05-09,1.475000023841858,1.475000023841858,1.4769999980926514,1.4730000495910645,1.4769999980926514,29704400
2025-05-12,1.4930000305175781,1.4930000305175781,1.49399995803833,1.4869999885559082,1.4919999837875366,50602300
2025-05-13,1.5049999952316284,1.5049999952316284,1.5160000324249268,1.5049999952316284,1.5149999856948853,66082000
2025-05-14,1.5299999713897705,1.5299999713897705,1.5299999713897705,1.5190000534057617,1.5190000534057617,79977000
2025-05-15,1.5190000534057617,1.5190000534057617,1.5260000228881836,1.5180000066757202,1.5260000228881836,46904300
2025-05-16,1.5299999713897705,1.5299999713897705,1.5329999923706055,1.5269999504089355,1.527999997138977,32422900
2025-05-19,1.524999976158142,1.524999976158142,1.5329999923706055,1.5240000486373901,1.5269999504089355,69650300
2025-05-20,1.5410000085830688,1.5410000085830688,1.5449999570846558,1.5379999876022339,1.5410000085830688,45264800
2025-05-21,1.5290000438690186,1.5290000438690186,1.5379999876022339,1.5290000438690186,1.5360000133514404,37484800
2025-05-22,1.5160000324249268,1.5160000324249268,1.5180000066757202,1.5119999647140503,1.5149999856948853,53912500
2025-05-23,1.5099999904632568,1.5099999904632568,1.5149999856948853,1.5080000162124634,1.5119999647140503,29760200
2025-05-26,1.5149999856948853,1.5149999856948853,1.5169999599456787,1.5080000162124634,1.5130000114440918,78174500
2025-05-27,1.5180000066757202,1.5180000066757202,1.5190000534057617,1.5119999647140503,1.5140000581741333,39912921
2025-05-28,1.5299999713897705,1.5299999713897705,1.534000039100647,1.5290000438690186,1.5329999923706055,35297000
2025-05-29,1.5470000505447388,1.5470000505447388,1.5499999523162842,1.5440000295639038,1.5440000295639038,84145600
2025-05-30,1.5240000486373901,1.5240000486373901,1.5290000438690186,1.5230000019073486,1.524999976158142,50803400
2025-06-03,1.5290000438690186,1.5290000438690186,1.5329999923706055,1.5290000438690186,1.531999945640564,25695420
2025-06-04,1.5440000295639038,1.5440000295639038,1.5449999570846558,1.5379999876022339,1.5410000085830688,59221100
2025-06-05,1.5410000085830688,1.5410000085830688,1.5420000553131104,1.5390000343322754,1.5420000553131104,32113000
2025-06-06,1.5390000343322754,1.5390000343322754,1.5399999618530273,1.5329999923706055,1.5360000133514404,24456200
2025-06-09,1.5479999780654907,1.5479999780654907,1.5479999780654907,1.5440000295639038,1.5449999570846558,22431900
2025-06-10,1.5499999523162842,1.5499999523162842,1.5579999685287476,1.5470000505447388,1.5520000457763672,43284178
2025-06-11,1.5549999475479126,1.5549999475479126,1.555999994277954,1.5529999732971191,1.5540000200271606,29307900
2025-06-12,1.5509999990463257,1.5509999990463257,1.5549999475479126,1.5470000505447388,1.5490000247955322,66228900
2025-06-13,1.5390000343322754,1.5390000343322754,1.5399999618530273,1.5290000438690186,1.5379999876022339,63401900
2025-06-16,1.5509999990463257,1.5509999990463257,1.5529999732971191,1.5420000553131104,1.5429999828338623,39658000
2025-06-17,1.5509999990463257,1.5509999990463257,1.5549999475479126,1.5499999523162842,1.5529999732971191,39622100
2025-06-18,1.5479999780654907,1.5479999780654907,1.5499999523162842,1.5449999570846558,1.5460000038146973,22942200
2025-06-19,1.5410000085830688,1.5410000085830688,1.5449999570846558,1.5390000343322754,1.5449999570846558,31204700
2025-06-20,1.5470000505447388,1.5470000505447388,1.5490000247955322,1.5369999408721924,1.5399999618530273,141901100
2025-06-23,1.5420000553131104,1.5420000553131104,1.5420000553131104,1.5369999408721924,1.5410000085830688,33720400
2025-06-24,1.5720000267028809,1.5720000267028809,1.5720000267028809,1.559999942779541,1.5609999895095825,68581400
2025-06-25,1.5740000009536743,1.5740000009536743,1.5740000009536743,1.5700000524520874,1.5729999542236328,38565100
2025-06-26,1.5770000219345093,1.5770000219345093,1.5779999494552612,1.5700000524520874,1.5729999542236328,41461000
2025-06-27,1.590000033378601,1.590000033378601,1.5920000076293945,1.5829999446868896,1.5829999446868896,55121700
2025-06-30,1.597000002861023,1.597000002861023,1.600000023841858,1.5950000286102295,1.5959999561309814,54962200
2025-07-01,1.5950000286102295,1.5950000286102295,1.5989999771118164,1.593000054359436,1.5980000495910645,41571400
2025-07-02,1.6050000190734863,1.6050000190734863,1.6050000190734863,1.5950000286102295,1.5950000286102295,42097700
2025-07-03,1.6080000400543213,1.6080000400543213,1.6089999675750732,1.6030000448226929,1.6080000400543213,57155200
2025-07-04,1.6130000352859497,1.6130000352859497,1.6200000047683716,1.6130000352859497,1.6160000562667847,46229300
2025-07-07,1.6119999885559082,1.6119999885559082,1.6139999628067017,1.6089999675750732,1.6089999675750732,38418900
2025-07-08,1.6100000143051147,1.6100000143051147,1.6100000143051147,1.6050000190734863,1.6089999675750732,38008000
2025-07-09,1.6069999933242798,1.6069999933242798,1.6080000400543213,1.6050000190734863,1.6080000400543213,22783100
2025-07-10,1.6119999885559082,1.6119999885559082,1.6139999628067017,1.6100000143051147,1.6100000143051147,18334200
2025-07-11,1.6130000352859497,1.6130000352859497,1.6150000095367432,1.6119999885559082,1.6130000352859497,28071300
2025-07-14,1.6030000448226929,1.6030000448226929,1.6069999933242798,1.6019999980926514,1.6059999465942383,56095300
2025-07-15,1.621000051498413,1.621000051498413,1.621999979019165,1.6100000143051147,1.6100000143051147,52326900
2025-07-16,1.6080000400543213,1.6080000400543213,1.6119999885559082,1.6069999933242798,1.6119999885559082,34842900
2025-07-17,1.6169999837875366,1.6169999837875366,1.61899995803833,1.6100000143051147,1.6139999628067017,53059400
2025-07-18,1.6269999742507935,1.6269999742507935,1.6299999952316284,1.6230000257492065,1.6230000257492065,33318100
2025-07-21,1.6260000467300415,1.6260000467300415,1.628000020980835,1.6230000257492065,1.628000020980835,90343900
2025-07-22,1.6239999532699585,1.6239999532699585,1.628000020980835,1.6230000257492065,1.628000020980835,42651710
2025-07-23,1.628999948501587,1.628999948501587,1.628999948501587,1.625,1.625,44546200
2025-07-24,1.6360000371932983,1.6360000371932983,1.6390000581741333,1.6339999437332153,1.6369999647140503,23515900
2025-07-25,1.6430000066757202,1.6430000066757202,1.6449999809265137,1.6380000114440918,1.6380000114440918,48685100
2025-07-28,1.656000018119812,1.656000018119812,1.656999945640564,1.6510000228881836,1.6510000228881836,46623800
2025-07-29,1.652999997138977,1.652999997138977,1.6549999713897705,1.6480000019073486,1.6549999713897705,45549400
2025-07-30,1.6469999551773071,1.6469999551773071,1.6490000486373901,1.6460000276565552,1.6480000019073486,28142900
2025-07-31,1.659999966621399,1.659999966621399,1.6619999408721924,1.656999945640564,1.659000039100647,77544500
2025-08-01,1.6380000114440918,1.6380000114440918,1.6440000534057617,1.6349999904632568,1.6390000581741333,72641700
2025-08-04,1.6169999837875366,1.6169999837875366,1.6180000305175781,1.6130000352859497,1.6169999837875366,97023000
2025-08-05,1.6399999856948853,1.6399999856948853,1.6399999856948853,1.6349999904632568,1.6349999904632568,46908200
2025-08-06,1.6360000371932983,1.6360000371932983,1.6369999647140503,1.6269999742507935,1.628999948501587,48069307
2025-08-07,1.6419999599456787,1.6419999599456787,1.6469999551773071,1.6410000324249268,1.6469999551773071,37807000
2025-08-08,1.6410000324249268,1.6410000324249268,1.6440000534057617,1.6399999856948853,1.6430000066757202,26182700
2025-08-11,1.656000018119812,1.656000018119812,1.656999945640564,1.6510000228881836,1.6519999504089355,37796300
2025-08-12,1.652999997138977,1.652999997138977,1.652999997138977,1.6469999551773071,1.6510000228881836,44759100
2025-08-13,1.6660000085830688,1.6660000085830688,1.6670000553131104,1.6640000343322754,1.6649999618530273,25586300
2025-08-14,1.6660000085830688,1.6660000085830688,1.6690000295639038,1.6640000343322754,1.6679999828338623,27481900
2025-08-15,1.6770000457763672,1.6770000457763672,1.6770000457763672,1.6690000295639038,1.6690000295639038,26137200
2025-08-18,1.6649999618530273,1.6649999618530273,1.6729999780654907,1.659999966621399,1.6699999570846558,130431000
2025-08-19,1.6610000133514404,1.6610000133514404,1.6649999618530273,1.659000039100647,1.6640000343322754,72683700
2025-08-20,1.6519999504089355,1.6519999504089355,1.6540000438690186,1.6490000486373901,1.6510000228881836,70870800
2025-08-21,1.6510000228881836,1.6510000228881836,1.652999997138977,1.6469999551773071,1.6490000486373901,41706000
2025-08-22,1.6430000066757202,1.6430000066757202,1.6490000486373901,1.6399999856948853,1.6469999551773071,39885600
2025-08-25,1.6629999876022339,1.6629999876022339,1.6670000553131104,1.6619999408721924,1.6619999408721924,54942300
2025-08-26,1.6579999923706055,1.6579999923706055,1.6579999923706055,1.6540000438690186,1.656999945640564,37030300
2025-08-27,1.6660000085830688,1.6660000085830688,1.6670000553131104,1.6629999876022339,1.6660000085830688,26426300
2025-08-28,1.6649999618530273,1.6649999618530273,1.6660000085830688,1.6619999408721924,1.6629999876022339,30525400
2025-08-29,1.6649999618530273,1.6649999618530273,1.6670000553131104,1.6629999876022339,1.6649999618530273,23055500
2025-09-01,1.6549999713897705,1.6549999713897705,1.6629999876022339,1.6510000228881836,1.6629999876022339,45181000
2025-09-02,1.656999945640564,1.656999945640564,1.659999966621399,1.6549999713897705,1.659000039100647,26394702
2025-09-03,1.6510000228881836,1.6510000228881836,1.6519999504089355,1.6469999551773071,1.6490000486373901,37701800
2025-09-04,1.656999945640564,1.656999945640564,1.659000039100647,1.6540000438690186,1.6579999923706055,19975100
2025-09-05,1.6710000038146973,1.6710000038146973,1.6729999780654907,1.6679999828338623,1.6710000038146973,32782800
2025-09-08,1.6640000343322754,1.6640000343322754,1.6660000085830688,1.6629999876022339,1.6660000085830688,31218300
2025-09-09,1.6679999828338623,1.6679999828338623,1.6679999828338623,1.6640000343322754,1.6660000085830688,23508300
2025-09-10,1.6740000247955322,1.6740000247955322,1.6749999523162842,1.6699999570846558,1.6710000038146973,33690700
2025-09-11,1.6759999990463257,1.6759999990463257,1.6770000457763672,1.6729999780654907,1.6770000457763672,23514200
2025-09-12,1.687000036239624,1.687000036239624,1.6890000104904175,1.684000015258789,1.684999942779541,30099300
2025-09-15,1.6920000314712524,1.6920000314712524,1.6929999589920044,1.687000036239624,1.687999963760376,22681600
2025-09-16,1.6959999799728394,1.6959999799728394,1.6979999542236328,1.694000005722046,1.6959999799728394,52231130
2025-09-17,1.690999984741211,1.690999984741211,1.6929999589920044,1.687999963760376,1.6929999589920044,32438800
2025-09-18,1.6970000267028809,1.6970000267028809,1.6990000009536743,1.6920000314712524,1.6920000314712524,44831734
2025-09-19,1.6990000009536743,1.6990000009536743,1.7039999961853027,1.6979999542236328,1.7009999752044678,76083400
2025-09-22,1.7059999704360962,1.7059999704360962,1.7089999914169312,1.7039999961853027,1.7039999961853027,60933400
2025-09-23,1.718999981880188,1.718999981880188,1.7200000286102295,1.7139999866485596,1.7170000076293945,85313560
2025-09-24,1.7109999656677246,1.7109999656677246,1.7130000591278076,1.7059999704360962,1.7100000381469727,64979400
2025-09-25,1.7050000429153442,1.7050000429153442,1.7089999914169312,1.7029999494552612,1.7089999914169312,44218000
2025-09-26,1.7009999752044678,1.7009999752044678,1.7020000219345093,1.6959999799728394,1.6970000267028809,42292400
2025-09-29,1.7109999656677246,1.7109999656677246,1.7120000123977661,1.7079999446868896,1.7109999656677246,47293800
2025-09-30,1.715000033378601,1.715000033378601,1.715000033378601,1.7089999914169312,1.7130000591278076,43927600
2025-10-09,1.7369999885559082,1.7369999885559082,1.7410000562667847,1.7330000400543213,1.7400000095367432,83189600
2025-10-10,1.7300000190734863,1.7300000190734863,1.7350000143051147,1.7289999723434448,1.7350000143051147,68200800
2025-10-13,1.7050000429153442,1.7050000429153442,1.7059999704360962,1.6990000009536743,1.6990000009536743,159897200
2025-10-14,1.6950000524520874,1.6950000524520874,1.715000033378601,1.6929999589920044,1.7139999866485596,150445400
2025-10-15,1.7120000123977661,1.7120000123977661,1.7120000123977661,1.7029999494552612,1.7050000429153442,124716600
2025-10-16,1.718999981880188,1.718999981880188,1.718999981880188,1.7089999914169312,1.7120000123977661,126624700
2025-10-17,1.687999963760376,1.687999963760376,1.7029999494552612,1.687000036239624,1.7000000476837158,147930400
2025-10-20,1.718999981880188,1.718999981880188,1.7209999561309814,1.7120000123977661,1.7130000591278076,91361700
2025-10-21,1.7269999980926514,1.7269999980926514,1.7339999675750732,1.7259999513626099,1.7319999933242798,86190100
2025-10-22,1.74399995803833,1.74399995803833,1.74399995803833,1.7280000448226929,1.7300000190734863,96007400
2025-10-23,1.7380000352859497,1.7380000352859497,1.7400000095367432,1.7300000190734863,1.7359999418258667,119966000
2025-10-24,1.7337000370025635,1.7337000370025635,1.7337000370025635,1.7337000370025635,1.7337000370025635,0
2025-10-27,1.7970000505447388,1.7970000505447388,1.7970000505447388,1.7790000438690186,1.781999945640564,157962500
2025-10-28,1.7879999876022339,1.7879999876022339,1.8200000524520874,1.7829999923706055,1.8049999475479126,187898500
2025-10-29,1.8240000009536743,1.8240000009536743,1.8359999656677246,1.7949999570846558,1.8020000457763672,182308643
2025-10-30,1.809999942779541,1.809999942779541,1.8320000171661377,1.8070000410079956,1.8200000524520874,139356587
2025-10-31,1.7979999780654907,1.7979999780654907,1.815000057220459,1.7890000343322754,1.809000015258789,119376394
2025-11-03,1.8020000457763672,1.8020000457763672,1.8070000410079956,1.7979999780654907,1.8020000457763672,96823500
2025-11-04,1.774999976158142,1.774999976158142,1.8020000457763672,1.7669999599456787,1.8020000457763672,106703300
2025-11-05,1.7669999599456787,1.7669999599456787,1.7690000534057617,1.7369999885559082,1.7369999885559082,113820500
2025-11-06,1.7879999876022339,1.7879999876022339,1.7890000343322754,1.7710000276565552,1.777999997138977,64646600
2025-11-07,1.7730000019073486,1.7730000019073486,1.7769999504089355,1.7549999952316284,1.7730000019073486,83118900
2025-11-10,1.8009999990463257,1.8009999990463257,1.8029999732971191,1.781999945640564,1.7879999876022339,101215000
2025-11-11,1.8179999589920044,1.8179999589920044,1.8220000267028809,1.7949999570846558,1.8179999589920044,113340600
2025-11-12,1.8350000381469727,1.8350000381469727,1.8389999866485596,1.815999984741211,1.8220000267028809,93953500
2025-11-13,1.8489999771118164,1.8489999771118164,1.8530000448226929,1.8259999752044678,1.8350000381469727,93326498
2025-11-14,1.8079999685287476,1.8079999685287476,1.8289999961853027,1.8070000410079956,1.8220000267028809,103506600
2025-11-17,1.8040000200271606,1.8040000200271606,1.8250000476837158,1.8009999990463257,1.815000057220459,116083900
2025-11-18,1.7410000562667847,1.7410000562667847,1.7929999828338623,1.7400000095367432,1.7929999828338623,171799900
2025-11-19,1.7400000095367432,1.7400000095367432,1.753999948501587,1.7230000495910645,1.7389999628067017,191882900
2025-11-20,1.7949999570846558,1.7949999570846558,1.7960000038146973,1.7690000534057617,1.7760000228881836,137229220
2025-11-21,1.7430000305175781,1.7430000305175781,1.7519999742507935,1.725000023841858,1.725000023841858,134051200
2025-11-24,1.7710000276565552,1.7710000276565552,1.7719999551773071,1.7510000467300415,1.7680000066757202,120571291
2025-11-25,1.7940000295639038,1.7940000295639038,1.8029999732971191,1.7869999408721924,1.7999999523162842,84541200
2025-11-26,1.8270000219345093,1.8270000219345093,1.8289999961853027,1.8029999732971191,1.809999942779541,123266098
2025-11-27,1.8279999494552612,1.8279999494552612,1.843000054359436,1.8200000524520874,1.8350000381469727,91067000
2025-11-28,1.840000033378601,1.840000033378601,1.840000033378601,1.8270000219345093,1.8339999914169312,67242400
2025-12-01,1.8389999866485596,1.8389999866485596,1.840999960899353,1.8209999799728394,1.8309999704360962,125465100
2025-12-02,1.8279999494552612,1.8279999494552612,1.8370000123977661,1.8250000476837158,1.8350000381469727,56790600
2025-12-03,1.8459999561309814,1.8459999561309814,1.8480000495910645,1.8309999704360962,1.8339999914169312,96399400
2025-12-04,1.840999960899353,1.840999960899353,1.8489999771118164,1.840000033378601,1.8480000495910645,63648100
2025-12-05,1.8370000123977661,1.8370000123977661,1.843000054359436,1.8350000381469727,1.843000054359436,44699000
2025-12-08,1.8279999494552612,1.8279999494552612,1.8380000591278076,1.8250000476837158,1.8380000591278076,76567500
2025-12-09,1.8040000200271606,1.8040000200271606,1.8179999589920044,1.7990000247955322,1.8179999589920044,104235836
2025-12-10,1.812000036239624,1.812000036239624,1.8200000524520874,1.7949999570846558,1.7999999523162842,79617920
2025-12-11,1.8040000200271606,1.8040000200271606,1.8309999704360962,1.7999999523162842,1.8179999589920044,122603000
2025-12-12,1.8300000429153442,1.8300000429153442,1.8309999704360962,1.819000005722046,1.8200000524520874,84203900
2025-12-15,1.815999984741211,1.815999984741211,1.819000005722046,1.8070000410079956,1.8140000104904175,83640020
2025-12-16,1.7990000247955322,1.7990000247955322,1.809999942779541,1.7910000085830688,1.809999942779541,75376300
2025-12-17,1.809000015258789,1.809000015258789,1.8109999895095825,1.7960000038146973,1.7990000247955322,66987900
2025-12-18,1.7910000085830688,1.7910000085830688,1.7960000038146973,1.781999945640564,1.7899999618530273,84761000
2025-12-19,1.8079999685287476,1.8079999685287476,1.809999942779541,1.8009999990463257,1.8020000457763672,48970200
2025-12-22,1.8300000429153442,1.8300000429153442,1.8320000171661377,1.8229999542236328,1.8250000476837158,54748400
2025-12-23,1.8270000219345093,1.8270000219345093,1.8380000591278076,1.8220000267028809,1.8329999446868896,44669800
2025-12-24,1.8329999446868896,1.8329999446868896,1.8359999656677246,1.8279999494552612,1.8339999914169312,45497300
2025-12-25,1.8350000381469727,1.8350000381469727,1.8380000591278076,1.8309999704360962,1.8380000591278076,31228700
2025-12-26,1.8359999656677246,1.8359999656677246,1.8380000591278076,1.8339999914169312,1.8350000381469727,24177890
2025-12-29,1.812999963760376,1.812999963760376,1.8380000591278076,1.809999942779541,1.8370000123977661,65343400
2025-12-30,1.809999942779541,1.809999942779541,1.812999963760376,1.8029999732971191,1.809000015258789,42937200
2025-12-31,1.8079999685287476,1.8079999685287476,1.815000057220459,1.7990000247955322,1.805999994277954,75102529
2026-01-05,1.8279999494552612,1.8279999494552612,1.8289999961853027,1.8079999685287476,1.809000015258789,54536038
2026-01-06,1.8300000429153442,1.8300000429153442,1.8320000171661377,1.8250000476837158,1.8289999961853027,53639523
2026-01-07,1.8250000476837158,1.8250000476837158,1.8339999914169312,1.8220000267028809,1.8320000171661377,64118400
2026-01-08,1.815999984741211,1.815999984741211,1.8240000009536743,1.812999963760376,1.8240000009536743,41571100
2026-01-09,1.8200000524520874,1.8200000524520874,1.8259999752044678,1.812999963760376,1.8179999589920044,38262360
2026-01-12,1.8170000314712524,1.8170000314712524,1.8279999494552612,1.8109999895095825,1.8209999799728394,93681391
2026-01-13,1.8279999494552612,1.8279999494552612,1.8300000429153442,1.815000057220459,1.819000005722046,48047100
2026-01-14,1.8179999589920044,1.8179999589920044,1.8279999494552612,1.8140000104904175,1.8279999494552612,49380600
2026-01-15,1.8209999799728394,1.8209999799728394,1.8270000219345093,1.8079999685287476,1.8079999685287476,39345660
2026-01-16,1.8240000009536743,1.8240000009536743,1.8259999752044678,1.819000005722046,1.8220000267028809,37461400
2026-01-19,1.8049999475479126,1.8049999475479126,1.815000057220459,1.8049999475479126,1.8109999895095825,50463000
2026-01-20,1.8020000457763672,1.8020000457763672,1.8079999685287476,1.7999999523162842,1.8070000410079956,45105700
2026-01-21,1.805999994277954,1.805999994277954,1.8070000410079956,1.7829999923706055,1.7869999408721924,76133400
2026-01-22,1.8250000476837158,1.8250000476837158,1.8279999494552612,1.812999963760376,1.812999963760376,59039700
2026-01-23,1.8049999475479126,1.8049999475479126,1.8300000429153442,1.8040000200271606,1.8270000219345093,97820200
2026-01-26,1.7910000085830688,1.7910000085830688,1.8049999475479126,1.7860000133514404,1.7979999780654907,67019929
2026-01-27,1.8079999685287476,1.8079999685287476,1.809000015258789,1.7999999523162842,1.8009999990463257,34755200
2026-01-28,1.8170000314712524,1.8170000314712524,1.8250000476837158,1.8109999895095825,1.8140000104904175,51059898
2026-01-29,1.809000015258789,1.809000015258789,1.8140000104904175,1.8049999475479126,1.8140000104904175,43534500
2026-01-30,1.8029999732971191,1.8029999732971191,1.809000015258789,1.7899999618530273,1.8029999732971191,109789000
2026-02-02,1.7569999694824219,1.7569999694824219,1.7990000247955322,1.7549999952316284,1.7970000505447388,82286800
2026-02-03,1.784999966621399,1.784999966621399,1.7949999570846558,1.7799999713897705,1.7860000133514404,83070100
2026-02-04,1.7869999408721924,1.7869999408721924,1.7899999618530273,1.7649999856948853,1.7660000324249268,49717600
2026-02-05,1.7799999713897705,1.7799999713897705,1.781999945640564,1.7680000066757202,1.781000018119812,46702125
2026-02-06,1.7480000257492065,1.7480000257492065,1.7669999599456787,1.746000051498413,1.7510000467300415,93134300
2026-02-09,1.7869999408721924,1.7869999408721924,1.7899999618530273,1.7799999713897705,1.781000018119812,61323600
