Date,Close/Last,Volume,Open,High,Low
08/12/2022,18.51,3684242,18.51,18.51,18.49
08/11/2022,18.5,3281778,18.51,18.52,18.49
08/10/2022,18.49,3569236,18.51,18.51,18.48
08/09/2022,18.47,2553826,18.47,18.48,18.46
08/08/2022,18.47,3678362,18.49,18.5,18.46
08/05/2022,18.47,2831096,18.45,18.47,18.448
08/04/2022,18.45,2979809,18.46,18.48,18.44
08/03/2022,18.44,3349948,18.42,18.46,18.41
08/02/2022,18.39,3278472,18.37,18.43,18.36
08/01/2022,18.4,3520713,18.39,18.43,18.38
07/29/2022,18.42,3842889,18.39,18.42,18.3422
07/28/2022,18.34,3242684,18.25,18.34,18.22
07/27/2022,18.27,2552465,18.142,18.29,18.135
07/26/2022,18.03,3355231,18.15,18.16,18.005
07/25/2022,18.17,2285697,18.18,18.19,18.12
07/22/2022,18.18,3902185,18.2,18.265,18.13
07/21/2022,18.24,2823777,18.16,18.24,18.08
07/20/2022,18.14,2866855,18.04,18.15,18.02
07/19/2022,18.04,2919348,17.9,18.04,17.8834
07/18/2022,17.8,4045272,17.99,17.99,17.77
07/15/2022,18.07,4610877,17.94,18.07,17.87
07/14/2022,17.77,4573128,17.72,17.79,17.715
07/13/2022,17.76,3884425,17.68,17.77,17.68
07/12/2022,17.75,3040489,17.75,17.78,17.73
07/11/2022,17.76,2846269,17.77,17.77,17.73
07/08/2022,17.77,2973273,17.707,17.77,17.7
07/07/2022,17.75,3917652,17.72,17.76,16.82
07/06/2022,17.7,3412328,17.65,17.72,17.64
07/05/2022,17.67,3479063,17.53,17.67,17.47
07/01/2022,17.57,2507616,17.48,17.58,17.44
06/30/2022,17.47,2841062,17.45,17.55,17.37
06/29/2022,17.53,2790332,17.5,17.56,17.46
06/28/2022,17.5,2465175,17.68,17.68,17.5
06/27/2022,17.63,3681331,17.68,17.68,17.583
06/24/2022,17.62,4532470,17.59,17.63,17.5201
06/23/2022,17.47,4691501,17.41,17.49,17.37
06/22/2022,17.37,2935112,17.26,17.46,17.24
06/21/2022,17.4,4158000,17.33,17.42,17.32
06/17/2022,17.33,5119210,17.18,17.41,17.09
06/16/2022,17.13,8150738,17.39,17.44,17.01
06/15/2022,17.73,6162986,17.55,17.9099,17.42
06/14/2022,17.39,6725889,17.47,17.48,17.22
06/13/2022,17.31,11129040,17.5,17.6,17.26
06/10/2022,17.87,7791543,17.96,17.97,17.82
06/09/2022,18.05,3966265,18.14,18.14,18.03
06/08/2022,18.12,2577449,18.1,18.14,18.1
06/07/2022,18.12,3309617,18.04,18.12,18.03
06/06/2022,18.08,3837118,18.12,18.13,18.051
06/03/2022,18.06,3420462,18.06,18.09,18.03
06/02/2022,18.11,3589770,18.03,18.11,17.98
06/01/2022,18.01,6405633,18.06,18.08,17.96
05/31/2022,18.03,5792612,18.02,18.07,17.95
05/27/2022,18.02,4888118,17.9,18.02,17.84
05/26/2022,17.86,5059111,17.65,17.88,17.61
05/25/2022,17.63,5637214,17.49,17.7077,17.47
05/24/2022,17.53,7391443,17.5,17.56,17.3101
05/23/2022,17.69,8880019,17.6,17.69,17.4801
05/20/2022,17.73,12759420,18.15,18.175,17.41
05/19/2022,17.91,7469596,17.92,18.2,17.78
05/18/2022,18.02,8666934,18.67,18.69,17.93
05/17/2022,18.92,8234230,18.83,18.95,18.5875
05/16/2022,18.48,4286814,18.55,18.68,18.38
05/13/2022,18.67,7401964,18.26,18.73,18.18
05/12/2022,18,10717660,17.8,18.28,17.62
05/11/2022,18.05,10949990,18.47,18.79,18
05/10/2022,18.6,8417856,18.8,18.88,18.33
05/09/2022,18.38,14232630,18.8,18.895,18.28
05/06/2022,19.13,12302630,19.24,19.45,18.8501
05/05/2022,19.35,12413660,20.04,20.04,19.115
05/04/2022,20.21,7218033,19.68,20.2399,19.36
05/03/2022,19.65,3578317,19.61,19.745,19.47
05/02/2022,19.6,7486964,19.3,19.6,19.1
04/29/2022,19.35,6719050,19.82,20.04,19.26
04/28/2022,20.06,4792966,19.755,20.14,19.542
04/27/2022,19.5,6631475,19.5,19.7885,19.39
04/26/2022,19.5,8182255,19.985,20.11,19.48
04/25/2022,20.11,5710255,19.825,20.11,19.74
04/22/2022,19.9,8858838,20.29,20.315,19.865
04/21/2022,20.28,5023730,20.64,20.7,20.233
04/20/2022,20.53,5938238,20.66,20.66,20.48
04/19/2022,20.65,4007404,20.4,20.66,20.35
04/18/2022,20.39,5725494,20.37,20.48,20.3
04/14/2022,20.59,8415290,21.02,21.02,20.57
04/13/2022,21.01,3936629,20.69,21.04,20.64
04/12/2022,20.66,4186430,20.9,20.95,20.57
04/11/2022,20.68,5240860,20.83,20.8448,20.65
04/08/2022,20.93,2890699,20.97,20.99,20.86
04/07/2022,20.96,3680173,20.94,21,20.84
04/06/2022,20.94,4949461,20.93,20.98,20.85
04/05/2022,21.01,4629102,21.08,21.09,21
04/04/2022,21.08,4386173,21.03,21.09,21.02
04/01/2022,21.01,3167377,20.97,21.02,20.96
03/31/2022,20.97,3804284,21.02,21.03,20.94
03/30/2022,21,3599372,21.04,21.04,20.98
03/29/2022,21.04,5289447,21.04,21.05,20.96
03/28/2022,20.98,4045230,20.9,20.98,20.87
03/25/2022,20.87,3634384,20.862,20.89,20.759
03/24/2022,20.84,3127653,20.76,20.8584,20.69
03/23/2022,20.7,3469811,20.695,20.81,20.68
03/22/2022,20.78,4286891,20.67,20.81,20.65
03/21/2022,20.64,4547094,20.642,20.7099,20.51
03/18/2022,20.85,5572550,20.49,20.85,20.37
03/17/2022,20.5,4435410,20.28,20.5,20.18
03/16/2022,20.32,6146399,19.91,20.32,19.7
03/15/2022,19.67,4787437,19.26,19.7,19.14
03/14/2022,19.1,7053065,19.41,19.555,19.0429
03/11/2022,19.45,4834673,19.97,19.97,19.41
03/10/2022,19.78,3572963,19.725,19.83,19.54
03/09/2022,19.9,5759490,19.72,19.945,19.61
03/08/2022,19.36,7357266,19.36,19.7899,19.1401
03/07/2022,19.4,6507604,19.9,19.94,19.36
03/04/2022,19.91,5076035,19.978,20,19.76
03/03/2022,20.05,3790667,20.24,20.25,19.97
03/02/2022,20.16,4580200,20.03,20.19,19.93
03/01/2022,19.95,5491609,20.1,20.13,19.86
02/28/2022,20.12,5887859,19.95,20.1679,19.925
02/25/2022,20.1,6299775,20.01,20.11,19.81
02/24/2022,19.92,9079421,18.96,19.92,18.93
02/23/2022,19.5,7174389,19.95,19.96,19.48
02/22/2022,19.8,10384830,19.81,19.975,19.65
02/18/2022,20.09,9487879,20.381,20.4,19.98
02/17/2022,20.32,6645375,20.75,20.76,20.28
02/16/2022,20.9,3785688,20.77,20.94,20.61
02/15/2022,20.87,2714163,20.7,20.87,20.6402
02/14/2022,20.41,5518716,20.33,20.57,20.2
02/11/2022,20.38,6187278,20.822,20.87,20.29
02/10/2022,20.82,5352578,20.85,21.0399,20.74
02/09/2022,21.03,3816375,20.97,21.03,20.92
02/08/2022,20.83,2710300,20.64,20.86,20.57
02/07/2022,20.66,4269880,20.74,20.8,20.6
02/04/2022,20.7,4304226,20.56,20.81,20.46
02/03/2022,20.48,5753540,20.66,20.789,20.44
02/02/2022,20.95,4970421,20.96,20.9696,20.815
02/01/2022,20.87,4596108,20.801,20.88,20.65
01/31/2022,20.77,4870702,20.4,20.77,20.3515
01/28/2022,20.35,6217408,19.98,20.37,19.73
01/27/2022,19.89,5911072,20.24,20.29,19.83
01/26/2022,20.05,10563200,20.355,20.45,19.83
01/25/2022,20,7975065,20.05,20.24,19.8216
01/24/2022,20.3,16523830,19.94,20.325,19.43
01/21/2022,20.43,14143600,20.749,20.91,20.4
01/20/2022,20.91,9795423,21.38,21.59,20.87
01/19/2022,21.19,8153436,21.525,21.63,21.15
01/18/2022,21.41,11650890,21.64,21.7,21.36
01/14/2022,21.9,5811406,21.61,21.91,21.58
01/13/2022,21.71,11215050,22.2,22.2,21.7
01/12/2022,22.11,9483383,22.15,22.19,22.035
01/11/2022,22.05,5858107,21.8,22.06,21.7
01/10/2022,21.85,12313570,21.635,21.85,21.2821
01/07/2022,21.81,7662670,21.935,21.995,21.71
01/06/2022,21.92,6937719,21.87,22.01,21.73
01/05/2022,21.91,9330508,22.205,22.22,21.9
01/04/2022,22.22,6256608,22.3,22.31,22.16
01/03/2022,22.29,5185128,22.26,22.29,22.2
12/31/2021,22.19,4013823,22.25,22.29,22.18
12/30/2021,22.24,8490888,22.298,22.3,22.22
12/29/2021,22.73,4028658,22.75,22.76,22.66
12/28/2021,22.71,4521333,22.75,22.75,22.69
12/27/2021,22.74,4530608,22.66,22.74,22.65
12/23/2021,22.62,3107097,22.62,22.65,22.54
12/22/2021,22.53,3548344,22.389,22.54,22.35
12/21/2021,22.37,3913449,22.2,22.38,22.06
12/20/2021,22.07,6532834,22.04,22.1,21.92
12/17/2021,22.19,6469676,22.14,22.39,21.98
12/16/2021,22.26,5628757,22.82,22.8999,22.17
12/15/2021,22.81,5332068,22.4,22.84,22.09
12/14/2021,22.33,5583919,22.29,22.4399,22.09
12/13/2021,22.55,3510640,22.82,22.85,22.54
12/10/2021,22.82,2513400,22.72,22.84,22.595
12/09/2021,22.6,2239558,22.8,22.87,22.6
12/08/2021,22.85,2409593,22.78,22.85,22.69
12/07/2021,22.76,3897101,22.54,22.7799,22.51
12/06/2021,22.21,4933700,22.08,22.27,21.805
12/03/2021,22.03,11277760,22.462,22.469,21.77
12/02/2021,22.35,5545843,22.129,22.43,22.05
12/01/2021,22.15,5334746,22.7,22.76,22.1403
11/30/2021,22.51,5524334,22.69,22.75,22.38
11/29/2021,22.73,4302648,22.55,22.75,22.55
11/26/2021,22.35,4062407,22.51,22.5715,22.3
11/24/2021,22.68,3214307,22.53,22.68,22.4125
11/23/2021,22.61,5069274,22.64,22.7079,22.43
11/22/2021,22.67,5432702,22.886,22.93,22.66
11/19/2021,23.05,3820345,22.98,23.09,22.94
11/18/2021,22.895,4804843,22.93,22.93,22.89
11/17/2021,22.9,3362240,22.91,22.92,22.89
11/16/2021,22.91,3109465,22.92,22.93,22.9
11/15/2021,22.92,3185104,22.925,22.93,22.9
11/12/2021,22.91,2709521,22.91,22.915,22.88
11/11/2021,22.9,2173418,22.91,22.91,22.88
11/10/2021,22.88,2851237,22.877,22.89,22.85
11/09/2021,22.89,3528666,22.9,22.9,22.85
11/08/2021,22.9,3327480,22.898,22.9,22.87
11/05/2021,22.88,2524497,22.9,22.9,22.87
11/04/2021,22.89,2828113,22.9,22.9,22.87
11/03/2021,22.87,2747311,22.87,22.88,22.84
11/02/2021,22.85,2865968,22.83,22.86,22.82
11/01/2021,22.84,2968831,22.83,22.84,22.785
10/29/2021,22.82,2462813,22.72,22.82,22.71
10/28/2021,22.8,2252051,22.77,22.8,22.74
10/27/2021,22.73,2742271,22.755,22.78,22.72
10/26/2021,22.74,2718828,22.774,22.78,22.685
10/25/2021,22.72,2547366,22.65,22.73,22.61
10/22/2021,22.64,2157529,22.62,22.68,22.585
10/21/2021,22.68,2273965,22.63,22.68,22.62
10/20/2021,22.65,2734343,22.64,22.67,22.6
10/19/2021,22.63,2702921,22.65,22.655,22.585
10/18/2021,22.57,3586641,22.46,22.58,22.41
10/15/2021,22.68,3039350,22.62,22.69,22.5913
10/14/2021,22.59,3420381,22.38,22.69,22.37
10/13/2021,22.19,2459450,22.16,22.215,22.0324
10/12/2021,22.05,3872669,22.255,22.255,21.98
10/11/2021,22.12,2954746,22.18,22.375,22.09
10/08/2021,22.25,2293761,22.43,22.43,22.22
10/07/2021,22.4,2987519,22.33,22.5,22.31
10/06/2021,22.15,3511009,21.83,22.16,21.76
10/05/2021,22.03,3211470,21.8,22.14,21.79
10/04/2021,21.71,8364178,22.09,22.1,21.59
10/01/2021,22.15,6069044,22.08,22.21,21.825
09/30/2021,22.06,4015489,22.18,22.29,22.02
09/29/2021,22.2,4272069,22.2274,22.3099,22.055
09/28/2021,22.14,7111590,22.42,22.45,22.1
09/27/2021,22.66,3180573,22.59,22.67,22.52
09/24/2021,22.74,2404633,22.55,22.74,22.55
09/23/2021,22.68,2462471,22.608,22.69,22.565
09/22/2021,22.54,3200952,22.42,22.58,22.3583
09/21/2021,22.35,3759797,22.4,22.47,22.28
09/20/2021,22.32,10484970,22.39,22.47,22.08
09/17/2021,22.84,9100860,23.11,23.11,22.79
09/16/2021,23.1,3411646,23.11,23.12,23.09
09/15/2021,23.12,3594330,23.09,23.12,23.06
09/14/2021,23.08,4169123,23.06,23.08,23.03
09/13/2021,23,5292997,23.08,23.0861,23
09/10/2021,23.05,2553269,23.09,23.15,23.03
09/09/2021,23.06,2221443,23.05,23.09,23.05
09/08/2021,23.07,2535773,23.06,23.09,23.03
09/07/2021,23.06,2124981,23.07,23.07,23.04
09/03/2021,23.05,1802562,23.03,23.05,23
09/02/2021,23.02,1964003,23.07,23.07,23
09/01/2021,23.03,2191565,23.05,23.06,23.01
08/31/2021,23.02,2172129,22.99,23.02,22.98
08/30/2021,23.02,1727531,22.96,23.03,22.95
08/27/2021,22.96,1819345,22.85,22.96,22.85
08/26/2021,22.84,1774389,22.86,22.9,22.83
08/25/2021,22.9,2194228,22.87,22.91,22.8683
08/24/2021,22.89,2257973,22.86,22.92,22.83
08/23/2021,22.87,2881055,22.77,22.93,22.76
08/20/2021,22.91,3152198,22.75,22.93,22.7
08/19/2021,22.72,4082742,22.63,22.73,22.52
08/18/2021,22.67,2810129,22.71,22.73,22.66
08/17/2021,22.71,3505375,22.7,22.73,22.65
08/16/2021,22.73,2725235,22.708,22.73,22.65
08/13/2021,22.73,2094273,22.712,22.73,22.7
08/12/2021,22.7,2419467,22.68,22.7,22.63
08/11/2021,22.66,3108874,22.68,22.69,22.63
08/10/2021,22.66,2915198,22.71,22.71,22.63
08/09/2021,22.68,2596963,22.677,22.69,22.62
08/06/2021,22.65,2010231,22.625,22.65,22.61
08/05/2021,22.64,1639775,22.6,22.65,22.57
08/04/2021,22.6,1817118,22.55,22.61,22.55
08/03/2021,22.57,2056452,22.54,22.58,22.45
08/02/2021,22.51,2759794,22.52,22.56,22.49
07/30/2021,22.49,2495797,22.448,22.51,22.4
07/29/2021,22.53,2633292,22.51,22.55,22.5
07/28/2021,22.5,3515590,22.49,22.51,22.4
07/27/2021,22.43,3164796,22.52,22.52,22.29
07/26/2021,22.52,2731254,22.48,22.52,22.47
07/23/2021,22.51,2202348,22.46,22.51,22.42
07/22/2021,22.41,1787293,22.37,22.41,22.34
07/21/2021,22.32,2100446,22.22,22.32,22.22
07/20/2021,22.23,2584551,22.11,22.27,22.0299
07/19/2021,22.03,5488871,22.11,22.11,21.93
07/16/2021,22.39,4893055,22.55,22.64,22.37
07/15/2021,22.51,3500968,22.54,22.55,22.5
07/14/2021,22.53,2925449,22.56,22.57,22.51
07/13/2021,22.54,3283910,22.53,22.55,22.51
07/12/2021,22.53,2637420,22.55,22.56,22.5
07/09/2021,22.52,1980913,22.5,22.52,22.485
07/08/2021,22.48,2717142,22.42,22.52,22.42
07/07/2021,22.5,2424369,22.52,22.55,22.46
07/06/2021,22.5,2316446,22.47,22.51,22.45
07/02/2021,22.485,1643756,22.46,22.5,22.43
07/01/2021,22.44,1723310,22.43,22.45,22.41
06/30/2021,22.43,1775434,22.42,22.47,22.39
06/29/2021,22.44,1816974,22.43,22.45,22.39
06/28/2021,22.43,1999461,22.38,22.5,22.36
06/25/2021,22.36,1769656,22.36,22.44,22.3201
06/24/2021,22.32,1903251,22.3,22.34,22.291
06/23/2021,22.28,1717407,22.26,22.31,22.25
06/22/2021,22.27,1974385,22.2,22.28,22.15
06/21/2021,22.17,3673997,22.11,22.17,21.975
06/18/2021,22.28,4755343,22.35,22.49,22.21
06/17/2021,22.47,2855449,22.47,22.49,22.45
06/16/2021,22.45,3260991,22.49,22.49,22.38
06/15/2021,22.46,2115378,22.49,22.49,22.4396
06/14/2021,22.45,2673660,22.47,22.48,22.4311
06/11/2021,22.44,1923660,22.45,22.46,22.41
06/10/2021,22.4,2220926,22.42,22.44,22.3701
06/09/2021,22.36,2211936,22.4,22.43,22.35
06/08/2021,22.37,2472294,22.43,22.44,22.32
06/07/2021,22.36,2711951,22.35,22.37,22.31
06/04/2021,22.33,2123766,22.26,22.33,22.2275
06/03/2021,22.16,2078984,22.19,22.25,22.1
06/02/2021,22.25,2631682,22.27,22.28,22.2
06/01/2021,22.23,2048960,22.26,22.3,22.16
05/28/2021,22.21,1363174,22.227,22.2581,22.18
05/27/2021,22.18,1371032,22.17,22.2,22.1413
05/26/2021,22.17,1410204,22.14,22.18,22.11
05/25/2021,22.12,1428768,22.157,22.17,22.063
05/24/2021,22.1,1577420,22.03,22.13,21.98
05/21/2021,22.13,2026008,22.32,22.33,22.08
05/20/2021,22.22,1756212,21.9,22.28,21.9
05/19/2021,21.8,2392276,21.4024,21.8,21.3981
05/18/2021,21.78,2000770,22.02,22.07,21.76
05/17/2021,21.92,2267947,21.951,21.98,21.73
05/14/2021,22.04,1974559,21.83,22.1,21.77
05/13/2021,21.59,2489171,21.64,21.75,21.42
05/12/2021,21.37,4426532,21.65,21.78,21.36
05/11/2021,21.97,3128203,21.62,22,21.521
05/10/2021,22.02,3473365,22.48,22.48,22.01
05/07/2021,22.51,1674224,22.51,22.58,22.41
05/06/2021,22.33,1738066,22.21,22.34,22.02
05/05/2021,22.19,2122846,22.38,22.4,22.1301
05/04/2021,22.22,4240452,22.5,22.53,22
05/03/2021,22.53,2391743,22.66,22.67,22.5
04/30/2021,22.58,1690649,22.58,22.6399,22.53
04/29/2021,22.64,1529993,22.703,22.72,22.5
04/28/2021,22.59,1669609,22.62,22.65,22.54
04/27/2021,22.6,1361689,22.64,22.67,22.55
04/26/2021,22.64,1389284,22.6,22.65,22.53
04/23/2021,22.56,1173368,22.41,22.58,22.39
04/22/2021,22.36,1331098,22.53,22.545,22.28
04/21/2021,22.52,1643525,22.34,22.52,22.28
04/20/2021,22.37,1599219,22.46,22.49,22.28
04/19/2021,22.45,2512073,22.59,22.5999,22.4
04/16/2021,22.82,2834680,22.86,22.89,22.74
04/15/2021,22.83,1940474,22.84,22.84,22.81
04/14/2021,22.83,2423273,22.83,22.83,22.78
04/13/2021,22.81,2159400,22.83,22.84,22.81
04/12/2021,22.84,1579657,22.85,22.85,22.8
04/09/2021,22.83,1452814,22.8028,22.83,22.7936
04/08/2021,22.81,1539423,22.84,22.84,22.78
04/07/2021,22.8,1452792,22.8,22.81,22.765
04/06/2021,22.78,1183711,22.74,22.79,22.73
04/05/2021,22.74,2147990,22.78,22.78,22.73
04/01/2021,22.7,1242185,22.67,22.71,22.6501
03/31/2021,22.57,1111129,22.51,22.6,22.46
03/30/2021,22.41,974268,22.39,22.42,22.2601
03/29/2021,22.42,1243274,22.42,22.45,22.29
03/26/2021,22.44,880721,22.24,22.445,22.15
03/25/2021,22.235,1335263,22.15,22.26,22.03
03/24/2021,22.23,1089295,22.48,22.5,22.22
03/23/2021,22.38,1037738,22.43,22.49,22.34
03/22/2021,22.42,1600422,22.4,22.46,22.2676
03/19/2021,22.45,1259451,22.2906,22.4755,22.145
03/18/2021,22.31,1990570,22.65,22.719,22.25
03/17/2021,23,1498890,22.69,23.119,22.5501
03/16/2021,22.91,1349750,22.93,23.1473,22.8
03/15/2021,22.79,1209783,22.59,22.8,22.46
03/12/2021,22.53,1498741,22.38,22.55,22.25
03/11/2021,22.72,1293230,22.54,22.8099,22.4821
03/10/2021,22.21,1424095,22.56,22.57,22.16
03/09/2021,22.27,1502031,22,22.39,21.94
03/08/2021,21.45,2170081,22.03,22.1476,21.41
03/05/2021,22.06,2033295,21.96,22.1,21.25
03/04/2021,21.71,2994303,22.08,22.26,21.43
03/03/2021,22.07,2544263,22.63,22.67,22.05
03/02/2021,22.67,1555317,23,23.07,22.65
03/01/2021,22.98,1373321,22.7,22.99,22.64
02/26/2021,22.4,2136046,22.47,22.68,22.14
02/25/2021,22.25,2382821,22.8,22.92,22.15
02/24/2021,22.93,1741142,22.67,22.94,22.45
02/23/2021,22.76,2558366,22.53,22.85,22.112
02/22/2021,22.82,2952773,23.12,23.15,22.81
02/19/2021,23.45,2380555,23.58,23.58,23.39
02/18/2021,23.46,1243697,23.48,23.51,23.441
02/17/2021,23.47,992838,23.49,23.49,23.45
02/16/2021,23.47,1214099,23.48,23.4886,23.4562
02/12/2021,23.46,1346106,23.45,23.4711,23.4329
02/11/2021,23.45,843791,23.46,23.4843,23.4
02/10/2021,23.4,1158178,23.45,23.4681,23.38
02/09/2021,23.44,1122548,23.45,23.46,23.43
02/08/2021,23.45,1101940,23.5254,23.5254,23.42
02/05/2021,23.42,1155599,23.4226,23.45,23.3365
02/04/2021,23.39,763240,23.38,23.39,23.33
02/03/2021,23.31,1054578,23.39,23.39,23.2827
02/02/2021,23.3,743713,23.32,23.32,23.212
02/01/2021,23.13,876670,22.94,23.16,22.91
01/29/2021,22.83,1368477,22.972,23.02,22.7
01/28/2021,23.02,1000081,22.933,23.15,22.92
01/27/2021,22.9,1521758,23.16,23.17,22.81
01/26/2021,23.2,929245,23.25,23.2541,23.185
01/25/2021,23.22,1002182,23.17,23.2488,23.04
01/22/2021,23.14,671220,23.15,23.17,23.12
01/21/2021,23.16,873861,23.16,23.177,23.09
01/20/2021,23.1,651563,22.99,23.14,22.97
01/19/2021,22.94,949363,22.94,22.95,22.81
01/15/2021,22.97,1324988,23.079,23.127,22.75
01/14/2021,23.07,1087138,23.1,23.13,23.0598
01/13/2021,23.1,674474,23.05,23.12,23.05
01/12/2021,23.03,713067,22.98,23.05,22.95
01/11/2021,23,974499,22.93,23.05,22.92
01/08/2021,23.05,1062765,23,23.05,22.98
01/07/2021,22.99,820281,22.75,23,22.75
01/06/2021,22.68,932997,22.61,22.9,22.6
01/05/2021,22.8,640153,22.61,22.81,22.6
01/04/2021,22.69,1059073,22.85,22.87,22.5
12/31/2020,22.8,638453,22.79,22.83,22.75
12/30/2020,22.81,689736,22.85,22.86,22.78
12/29/2020,23,980226,23.11,23.11,22.98
12/28/2020,23.02,721230,22.98,23.03,22.89
12/24/2020,22.84,385220,22.76,22.88,22.76
12/23/2020,22.77,582116,22.79,22.85,22.7549
12/22/2020,22.8,667583,22.8,22.81,22.6
12/21/2020,22.76,1070248,22.61,22.78,22.482
12/18/2020,22.78,967471,22.83,22.87,22.66
12/17/2020,22.83,1040239,22.81,22.83,22.77
12/16/2020,22.8,783440,22.8,22.8164,22.77
12/15/2020,22.8,997049,22.79,22.8,22.766
12/14/2020,22.75,536758,22.7,22.78,22.7
12/11/2020,22.7,641928,22.68,22.7,22.595
12/10/2020,22.67,600065,22.62,22.705,22.58
12/09/2020,22.64,758204,22.73,22.75,22.6
12/08/2020,22.74,683384,22.69,22.75,22.69
12/07/2020,22.72,634745,22.71,22.72,22.68
12/04/2020,22.69,557177,22.68,22.7,22.65
12/03/2020,22.67,638010,22.63,22.72,22.61
12/02/2020,22.63,450756,22.58,22.64,22.55
12/01/2020,22.6,565111,22.57,22.64,22.54
11/30/2020,22.54,804054,22.54,22.54,22.3701
11/27/2020,22.47,256846,22.456,22.51,22.45
11/25/2020,22.43,498829,22.38,22.43,22.35
11/24/2020,22.36,546928,22.28,22.36,22.15
11/23/2020,22.2,633621,22.26,22.2855,22.08
11/20/2020,22.39,558805,22.48,22.5,22.3841
11/19/2020,22.46,365578,22.32,22.48,22.25
11/18/2020,22.31,543197,22.38,22.46,22.306
11/17/2020,22.37,475734,22.41,22.42,22.316
11/16/2020,22.38,537168,22.2,22.38,22.16
11/13/2020,22.21,377655,22.094,22.23,22.03
11/12/2020,22.05,512920,22.13,22.2,21.95
11/11/2020,22.09,466302,21.85,22.11,21.85
11/10/2020,21.73,716473,21.83,21.9,21.52
11/09/2020,21.93,879499,22.34,22.34,21.91
11/06/2020,22.14,611518,22.01,22.18,21.95
11/05/2020,22.09,687531,21.96,22.1,21.95
11/04/2020,21.79,899827,21.53,21.84,21.51
11/03/2020,21.06,374750,20.81,21.16,20.77
11/02/2020,20.6957,613761,20.78,20.93,20.52
10/30/2020,20.69,839219,20.96,21,20.51
10/29/2020,21.08,482280,20.78,21.2239,20.78
10/28/2020,20.74,1159505,21.15,21.1517,20.715
10/27/2020,21.41,446093,21.34,21.43,21.265
10/26/2020,21.26,734651,21.42,21.5199,21.06
10/23/2020,21.52,528426,21.47,21.52,21.35
10/22/2020,21.46,495425,21.49,21.5,21.23
10/21/2020,21.42,514796,21.408,21.5351,21.3801
10/20/2020,21.43,453253,21.39,21.54,21.33
10/19/2020,21.35,822681,21.7,21.73,21.3133
10/16/2020,21.76,993817,21.87,22.005,21.75
10/15/2020,21.79,917547,21.75,21.83,21.75
10/14/2020,21.82,572422,21.8,21.82,21.76
10/13/2020,21.81,493710,21.76,21.82,21.76
10/12/2020,21.76,687562,21.81,21.84,21.76
10/09/2020,21.81,454013,21.77,21.81,21.76
10/08/2020,21.77,368673,21.77,21.78,21.73
10/07/2020,21.72,320818,21.64,21.74,21.63
10/06/2020,21.6,577642,21.7,21.72,21.55
10/05/2020,21.69,426317,21.58,21.7,21.58
10/02/2020,21.5,474645,21.43,21.6,21.42
10/01/2020,21.61,456168,21.59,21.67,21.58
09/30/2020,21.56,542617,21.5,21.63,21.42
09/29/2020,21.5,572594,21.48,21.53,21.46
09/28/2020,21.47,514267,21.44,21.48,21.38
09/25/2020,21.33,433377,21,21.33,21
09/24/2020,20.99,423782,20.7883,21.1299,20.76
09/23/2020,20.96,479779,21.21,21.2596,20.9
09/22/2020,21.22,427448,21.14,21.28,21.03
09/21/2020,21.09,810360,20.8,21.09,20.7
09/18/2020,21.23,983289,21.57,21.613,21
09/17/2020,21.49,1109734,21.3,21.6063,21.1631
09/16/2020,21.79,958970,22.1,22.1,21.76
09/15/2020,22.04,588614,21.96,22.09,21.94
09/14/2020,21.8,518405,21.57,21.87,21.5601
09/11/2020,21.38,723461,21.56,21.6837,21.145
09/10/2020,21.42,977386,21.91,21.96,21.3501
09/09/2020,21.74,924394,21.48,21.85,21.46
09/08/2020,21.25,1552788,21.3446,21.65,21.2021
09/04/2020,21.84,1630457,21.806,21.98,21.06
09/03/2020,21.92,1103733,22.21,22.2212,21.77
09/02/2020,22.27,887920,22.239,22.28,22.16
09/01/2020,22.23,732261,22.22,22.26,22.16
08/31/2020,22.14,727990,22.12,22.1801,22.08
08/28/2020,22.12,451902,22.07,22.12,22.0255
08/27/2020,22.04,540773,22.1,22.12,21.94
08/26/2020,22.07,506240,21.97,22.09,21.96
08/25/2020,21.91,520365,21.9,21.95,21.84
08/24/2020,21.84,716162,21.98,21.98,21.77
08/21/2020,22.06,558720,21.96,22.07,21.93
08/20/2020,21.97,547109,21.94,21.97,21.93
08/19/2020,21.94,652025,21.94,21.94,21.915
08/18/2020,21.94,519648,21.943,21.95,21.91
08/17/2020,21.95,441755,21.92,21.955,21.91
08/14/2020,21.9043,386524,21.9037,21.9203,21.86
08/13/2020,21.86,525272,21.89,21.91,21.84
08/12/2020,21.84,400337,21.78,21.87,21.77
08/11/2020,21.7045,684674,21.84,21.84,21.7
08/10/2020,21.84,569981,21.81,21.8481,21.75
08/07/2020,21.81,452176,21.83,21.83,21.72
08/06/2020,21.8,513130,21.8,21.82,21.75
08/05/2020,21.8,460562,21.79,21.8,21.75
08/04/2020,21.74,412428,21.69,21.74,21.67
08/03/2020,21.69,489135,21.65,21.72,21.65
07/31/2020,21.58,589070,21.54,21.58,21.41
07/30/2020,21.38,546984,21.24,21.38,21.179
07/29/2020,21.37,430497,21.331,21.385,21.25
07/28/2020,21.22,535746,21.31,21.38,21.2
07/27/2020,21.27,399642,21.17,21.305,21.12
07/24/2020,21.04,621540,21.01,21.1199,20.865
07/23/2020,21.14,583720,21.4,21.4106,21.13
07/22/2020,21.4,394614,21.36,21.41,21.33
07/21/2020,21.35,560042,21.48,21.49,21.33
07/20/2020,21.48,739715,21.3,21.485,21.21
07/17/2020,21.47,767234,21.49,21.51,21.29
07/16/2020,21.49,468866,21.43,21.49,21.4
07/15/2020,21.45,693801,21.42,21.46,21.395
07/14/2020,21.43,574793,21.34,21.43,21.29
07/13/2020,21.33,712686,21.44,21.45,21.31
07/10/2020,21.4,481381,21.37,21.42,21.35
07/09/2020,21.38,437726,21.38,21.38,21.3
07/08/2020,21.38,481060,21.34,21.38,21.3
07/07/2020,21.3,644163,21.3,21.37,21.2808
07/06/2020,21.34,644045,21.35,21.37,21.27
07/02/2020,21.22,549714,21.24,21.28,21.18
07/01/2020,21.18,487533,20.96,21.18,20.96
06/30/2020,21,342114,20.77,21,20.74
06/29/2020,20.77,661819,20.61,20.77,20.43
06/26/2020,20.6,779918,20.9,20.9,20.55
06/25/2020,20.9,375167,20.72,20.9,20.6
06/24/2020,20.76,685250,20.95,20.98,20.64
06/23/2020,20.98,658262,20.95,21.04,20.9101
06/22/2020,20.88,563412,20.81,20.88,20.72
06/19/2020,20.98,725875,21.02,21.15,20.86
06/18/2020,20.92,455041,20.87,20.92,20.85
06/17/2020,20.88,581997,20.87,20.9,20.84
06/16/2020,20.88,906525,20.87,20.91,20.84
06/15/2020,20.86,803397,20.7,20.9099,20.7
06/12/2020,20.75,682537,20.81,20.8697,20.7
06/11/2020,20.7,898419,20.8,20.87,20.68
06/10/2020,20.86,854527,20.84,20.86,20.8
06/09/2020,20.84,498612,20.85,20.85,20.82
06/08/2020,20.82,777900,20.86,20.88,20.82
06/05/2020,20.82,639415,20.84,20.85,20.81
06/04/2020,20.81,713310,20.81,20.82,20.735
06/03/2020,20.8,626289,20.76,20.81,20.75
06/02/2020,20.78,541709,20.77,20.79,20.68
06/01/2020,20.73,606926,20.67,20.74,20.64
05/29/2020,20.66,330613,20.6,20.73,20.57
05/28/2020,20.6,969911,20.61,20.6936,20.54
05/27/2020,20.62,685340,20.6,20.66,20.41
05/26/2020,20.6,734881,20.6246,20.7397,20.58
05/22/2020,20.54,420386,20.5,20.57,20.43
05/21/2020,20.53,440697,20.6,20.6,20.47
05/20/2020,20.56,765466,20.54,20.61,20.51
05/19/2020,20.42,348930,20.47,20.55,20.42
05/18/2020,20.47,721740,20.45,20.4809,20.4
05/15/2020,20.49,709128,20.22,20.5,20.2
05/14/2020,20.47,385493,20.41,20.48,20.3
05/13/2020,20.41,414537,20.39,20.4358,20.2901
05/12/2020,20.4,644229,20.44,20.48,20.4
05/11/2020,20.43,425130,20.42,20.45,20.36
05/08/2020,20.36,387046,20.34,20.39,20.26
05/07/2020,20.23,374763,20.25,20.33,20.18
05/06/2020,20.2,306325,20.24,20.26,20.15
05/05/2020,20.15,331182,20.14,20.24,20.1
05/04/2020,20,326998,19.82,20,19.7683
05/01/2020,19.83,550625,19.82,19.9899,19.72
04/30/2020,20.07,420822,20.02,20.1,19.99
04/29/2020,20.09,691384,20,20.1,19.9159
04/28/2020,19.74,488537,20.06,20.06,19.7001
04/27/2020,19.93,488624,20,20.03,19.8501
04/24/2020,19.78,562990,19.6,19.81,19.51
04/23/2020,19.54,573923,19.57,19.71,19.47
04/22/2020,19.5,567198,19.38,19.56,19.3
04/21/2020,19.18,458111,19.45,19.47,19.022
04/20/2020,19.58,483547,19.64,19.74,19.5148
04/17/2020,19.99,701995,20.1,20.11,19.68
04/16/2020,19.67,1254600,19.77,19.825,19.42
04/15/2020,19.75,441812,19.7,19.79,19.6609
04/14/2020,19.79,913043,19.76,19.85,19.7319
04/13/2020,19.77,404784,19.64,19.81,19.61
04/09/2020,19.63,551601,19.76,19.76,19.6
04/08/2020,19.73,418774,19.64,19.745,19.6
04/07/2020,19.62,581307,19.69,19.9446,19.55
04/06/2020,19.595,501250,19.49,19.66,19.45
04/03/2020,19.117,411922,19.13,19.29,18.98
04/02/2020,19.13,565778,19.09,19.22,18.81
04/01/2020,18.9,636899,18.85,19.13,18.7
03/31/2020,19.27,859572,19.18,19.35,19.14
03/30/2020,19.1,402830,18.71,19.1499,18.71
03/27/2020,18.55,545239,18.68,18.89,18.5
03/26/2020,19,671045,18.54,19.15,18.54
03/25/2020,18.66,834410,18.8,18.99,18.5
03/24/2020,18.59,487129,18.7,18.7488,18.37
03/23/2020,18,822612,18,18.1799,17.31
03/20/2020,18.23,755966,18.78,18.9399,18.06
03/19/2020,18.41,944359,18.11,18.99,17.63
03/18/2020,18.22,1292373,17.8,18.6051,17.22
03/17/2020,18.82,829140,18.3,19.09,17.531
03/16/2020,17.99,842011,18,19.2,17.5
03/13/2020,20.04,1080270,19.79,20.1943,18.6
03/12/2020,18.48,1971366,18.89,19.68,18.48
03/11/2020,20.36,844343,20.73,20.92,20.05
03/10/2020,21.21,694764,20.93,21.21,20.2
03/09/2020,20.16,1066132,20.23,20.8999,20
03/06/2020,21.72,988669,21.31,21.75,21.13
03/05/2020,22.01,817246,22.13,22.49,21.88
03/04/2020,22.7,501248,22.22,22.7,22.02
03/03/2020,21.86,909846,22.58,22.74,21.62
03/02/2020,22.47,933802,21.65,22.48,21.45
02/28/2020,21.39,1746409,20.65,21.45,20.6
02/27/2020,21.44,1546764,21.915,22.2943,21.4
02/26/2020,22.52,750125,22.47,22.86,22.35
02/25/2020,22.37,1284757,23.09,23.1285,22.28
02/24/2020,22.93,1153252,22.99,23.1,22.81
02/21/2020,23.7371,731537,24.05,24.13,23.7
02/20/2020,24.15,440347,24.16,24.16,24.13
02/19/2020,24.15,507259,24.15,24.18,24.13
02/18/2020,24.13,406233,24.12,24.16,24.11
02/14/2020,24.11,392086,24.13,24.146,24.11
02/13/2020,24.13,420063,24.1,24.14,24.1
02/12/2020,24.1,449417,24.15,24.15,24.09
02/11/2020,24.06,561507,24.12,24.1327,24.06
02/10/2020,24.09,363778,24.04,24.09,24.02
02/07/2020,24.02,347312,24.02,24.05,23.99
02/06/2020,24.03,460258,24.01,24.05,24
02/05/2020,23.95,448163,24.06,24.06,23.92
02/04/2020,23.9598,357520,23.85,23.97,23.85
02/03/2020,23.74,301669,23.6,23.78,23.6
01/31/2020,23.51,531465,23.77,23.77,23.45
01/30/2020,23.74,407860,23.58,23.74,23.52
01/29/2020,23.68,307761,23.7,23.74,23.62
01/28/2020,23.67,345011,23.48,23.68,23.48
01/27/2020,23.38,741209,23.37,23.5,23.2
01/24/2020,23.7,438660,23.83,23.8541,23.63
01/23/2020,23.79,228777,23.77,23.82,23.73
01/22/2020,23.75,353748,23.81,23.84,23.73
01/21/2020,23.77,778199,23.76,23.9,23.7
01/17/2020,23.97,420516,23.99,23.99,23.885
01/16/2020,23.88,406068,23.86,23.88,23.86
01/15/2020,23.855,287837,23.86,23.87,23.84
01/14/2020,23.87,411394,23.87,23.874,23.83
01/13/2020,23.85,445738,23.85,23.86,23.84
01/10/2020,23.835,472433,23.85,23.86,23.82
01/09/2020,23.83,622131,23.84,23.88,23.82
01/08/2020,23.82,421862,23.75,23.83,23.7222
01/07/2020,23.77,392861,23.77,23.8,23.74
01/06/2020,23.75,406434,23.66,23.77,23.65
01/03/2020,23.71,401951,23.68,23.75,23.65
01/02/2020,23.735,538236,23.71,23.75,23.67
12/31/2019,23.61,298381,23.56,23.62,23.54
12/30/2019,23.575,365639,23.67,23.67,23.51
12/27/2019,23.79,332824,23.86,23.87,23.79
12/26/2019,23.81,272693,23.79,23.83,23.77
12/24/2019,23.76,189334,23.75,23.78,23.75
12/23/2019,23.7354,337483,23.75,23.78,23.73
12/20/2019,23.73,346993,23.72,23.74,23.66
12/19/2019,23.6,446422,23.59,23.6,23.58
12/18/2019,23.59,228509,23.59,23.6,23.58
12/17/2019,23.585,346335,23.58,23.59,23.5501
12/16/2019,23.58,314036,23.57,23.59,23.559
12/13/2019,23.535,631936,23.51,23.56,23.4855
12/12/2019,23.52,409717,23.45,23.54,23.43
12/11/2019,23.44,372185,23.42,23.44,23.4
12/10/2019,23.4,322060,23.4,23.43,23.35
12/09/2019,23.4,288996,23.44,23.45,23.35
12/06/2019,23.41,531317,23.37,23.44,23.3
12/05/2019,23.3,303801,23.3,23.305,23.2186
12/04/2019,23.25,308423,23.24,23.2903,23.24
12/03/2019,23.19,274532,23.11,23.19,22.9948
12/02/2019,23.27,367291,23.36,23.41,23.19
11/29/2019,23.39,173100,23.42,23.43,23.36
11/27/2019,23.4034,205430,23.41,23.42,23.36
11/26/2019,23.36,235758,23.34,23.39,23.33
11/25/2019,23.33,215673,23.23,23.33,23.21
11/22/2019,23.15,317323,23.19,23.22,23.11
11/21/2019,23.16,279232,23.18,23.18,23.12
11/20/2019,23.19,304677,23.21,23.28,23.052
11/19/2019,23.45,412430,23.47,23.48,23.39
11/18/2019,23.41,303168,23.44,23.45,23.35
11/15/2019,23.39,482480,23.37,23.4,23.3
11/14/2019,23.25,252698,23.25,23.25,23.215
11/13/2019,23.23,638831,23.25,23.25,23.21
11/12/2019,23.25,515112,23.25,23.26,23.22
11/11/2019,23.25,339154,23.24,23.25,23.23
11/08/2019,23.25,258650,23.23,23.25,23.21
11/07/2019,23.21,539656,23.24,23.25,23.195
11/06/2019,23.23,379803,23.23,23.23,23.17
11/05/2019,23.23,216129,23.22,23.23,23.1904
11/04/2019,23.18,554340,23.19,23.22,23.175
11/01/2019,23.18,407989,23.18,23.19,23.1401
10/31/2019,23.13,299825,23.14,23.14,23.07
10/30/2019,23.11,367323,23.11,23.12,23.04
10/29/2019,23.06,415168,23.12,23.12,23.05
10/28/2019,23.08,428601,23.13,23.14,23.079
10/25/2019,23.05,201555,22.95,23.05,22.94
10/24/2019,22.955,236413,22.91,22.97,22.87
10/23/2019,22.83,349810,22.82,22.9,22.79
10/22/2019,23.015,346873,23.14,23.15,23
10/21/2019,23.09,408203,23,23.1,23
10/18/2019,22.94,544344,23.06,23.15,22.825
10/17/2019,23.15,404809,23.18,23.18,23.13
10/16/2019,23.11,252633,23.1,23.14,23.0504
10/15/2019,23.12,393596,23,23.14,22.97
10/14/2019,22.91,280235,22.89,22.95,22.87
10/11/2019,22.85,270481,22.84,22.94,22.8
10/10/2019,22.66,214519,22.52,22.72,22.5
10/09/2019,22.54,176758,22.48,22.61,22.4101
10/08/2019,22.31,343992,22.52,22.5449,22.3
10/07/2019,22.61,273731,22.59,22.7,22.5601
10/04/2019,22.64,253671,22.44,22.67,22.4329
10/03/2019,22.36,290050,22.15,22.36,21.9
10/02/2019,22.1,357517,22.35,22.35,22.01
10/01/2019,22.4557,385621,22.66,22.74,22.4
09/30/2019,22.6,198064,22.48,22.6234,22.46
09/27/2019,22.4,246240,22.63,22.7,22.28
09/26/2019,22.59,267881,22.64,22.65,22.48
09/25/2019,22.67,262313,22.48,22.69,22.32
09/24/2019,22.65,416582,22.87,22.93,22.57
09/23/2019,22.87,294691,22.83,22.89,22.79
09/20/2019,22.86,362661,23.08,23.095,22.73
09/19/2019,23.01,221138,23,23.03,23
09/18/2019,22.995,256399,22.99,23.03,22.96
09/17/2019,23,207649,22.98,23,22.96
09/16/2019,23,265784,22.98,23,22.95
09/13/2019,22.97,162603,22.99,22.99,22.95
09/12/2019,22.95,186708,23,23.03,22.93
09/11/2019,22.95,193737,22.95,22.95,22.9
09/10/2019,22.94,272492,22.9,22.94,22.8317
09/09/2019,22.87,282646,22.95,22.95,22.86
09/06/2019,22.89,301966,22.91,22.92,22.87
09/05/2019,22.86,306439,22.88,22.9,22.84
09/04/2019,22.74,406119,22.71,22.74,22.65
09/03/2019,22.56,163653,22.63,22.65,22.51
08/30/2019,22.66,212464,22.7,22.71,22.6
08/29/2019,22.66,264736,22.65,22.68,22.56
08/28/2019,22.48,160927,22.4,22.5,22.28
08/27/2019,22.4,188748,22.5,22.51,22.35
08/26/2019,22.41,183671,22.43,22.43,22.3
08/23/2019,22.2,319762,22.58,22.63,22.1301
08/22/2019,22.62,233780,22.68,22.7,22.53
08/21/2019,22.62,275668,22.68,22.76,22.61
08/20/2019,22.78,294427,22.8,22.85,22.7697
08/19/2019,22.85,462957,23,23,22.75
08/16/2019,22.68,278231,22.51,22.71,22.51
08/15/2019,22.33,226120,22.33,22.425,22.15
08/14/2019,22.3,419203,22.68,22.68,22.3
08/13/2019,23.01,306272,22.97,23.09,22.52
08/12/2019,22.56,267409,22.66,22.71,22.44
08/09/2019,22.8,218799,22.96,22.965,22.63
08/08/2019,22.98,220246,22.57,22.99,22.56
08/07/2019,22.47,340412,22.21,22.5,21.98
08/06/2019,22.39,384427,22.2,22.42,22.12
08/05/2019,22.05,809673,22.49,22.49,21.86
08/02/2019,22.75,405016,22.95,22.95,22.7
08/01/2019,23.06,363659,23.2,23.4,22.95
07/31/2019,23.18,293332,23.38,23.38,23.04
07/30/2019,23.32,146872,23.37,23.37,23.28
07/29/2019,23.38,190355,23.39,23.4,23.31
07/26/2019,23.4,155635,23.36,23.41,23.3
07/25/2019,23.264,210367,23.36,23.36,23.24
07/24/2019,23.375,282231,23.27,23.39,23.23
07/23/2019,23.47,447327,23.48,23.48,23.36
07/22/2019,23.37,345306,23.33,23.38,23.26
07/19/2019,23.2201,331726,23.38,23.47,23.2201
07/18/2019,23.33,317556,23.32,23.37,23.32
07/17/2019,23.33,180733,23.45,23.45,23.32
07/16/2019,23.34,337735,23.33,23.34,23.315
07/15/2019,23.33,215412,23.34,23.34,23.31
07/12/2019,23.33,354968,23.33,23.34,23.3
07/11/2019,23.31,272036,23.32,23.32,23.275
07/10/2019,23.27,222406,23.26,23.29,23.24
07/09/2019,23.21,206463,23.13,23.22,23.11
07/08/2019,23.1401,253016,23.2,23.2,23.02
07/05/2019,23.2,159619,23.17,23.2,23.11
07/03/2019,23.2,99800,23.16,23.2,23.12
07/02/2019,23.11,236647,23.09,23.12,23
07/01/2019,23.07,166133,23.01,23.0919,23
06/28/2019,22.79,202527,22.83,22.8465,22.7501
06/27/2019,22.79,128687,22.81,22.81,22.74
06/26/2019,22.74,167487,22.8,22.82,22.652
06/25/2019,22.88,210868,23.13,23.13,22.79
06/24/2019,23.09,171417,23.07,23.12,23.0655
06/21/2019,23.05,176523,23.13,23.14,22.9925
06/20/2019,23.08,238028,23.13,23.15,23.06
06/19/2019,23.05,145572,23,23.06,22.9304
06/18/2019,22.98,225426,22.92,23.01,22.9
06/17/2019,22.81,202178,22.74,22.84,22.7156
06/14/2019,22.68,122301,22.75,22.75,22.57
06/13/2019,22.71,144752,22.63,22.73,22.63
06/12/2019,22.6,127313,22.67,22.68,22.569
06/11/2019,22.7,141455,22.74,22.75,22.63
06/10/2019,22.63,229592,22.52,22.7596,22.52
06/07/2019,22.46,203357,22.13,22.49,22.13
06/06/2019,22.042,99718,21.97,22.1,21.872
06/05/2019,21.93,143216,21.91,21.93,21.72
06/04/2019,21.77,187120,21.23,21.77,21.23
06/03/2019,21.18,367802,21.61,21.63,21.09
05/31/2019,21.69,189199,21.75,21.81,21.61
05/30/2019,21.98,192864,21.86,22,21.85
05/29/2019,21.8,326044,21.92,21.96,21.71
05/28/2019,22.03,226505,22.13,22.26,22.02
05/24/2019,22.02,151178,22.18,22.279,22.02
05/23/2019,22.09,285543,22.16,22.17,21.95
05/22/2019,22.34,175452,22.33,22.41,22.19
05/21/2019,22.605,188352,22.54,22.64,22.52
05/20/2019,22.43,184190,22.48,22.52,22.34
05/17/2019,22.66,261211,22.61,22.9,22.605
05/16/2019,22.84,194182,22.61,22.94,22.571
05/15/2019,22.6,242115,22.17,22.65,22.14
05/14/2019,22.3,508025,22.14,22.4,22.1
05/13/2019,22.05,401573,22.35,22.35,22.005
05/10/2019,22.75,380501,22.52,22.75,22.31
05/09/2019,22.65,353557,22.57,22.7,22.38
05/08/2019,22.71,199144,22.66,22.77,22.57
05/07/2019,22.65,503527,22.87,22.88,22.57
05/06/2019,22.94,224749,22.84,22.96,22.8
05/03/2019,22.98,464338,22.94,23,22.91
05/02/2019,22.88,225752,22.91,22.96,22.79
05/01/2019,22.91,219403,22.97,22.98,22.9
04/30/2019,22.9,568436,22.91,22.97,22.79
04/29/2019,22.94,174977,22.96,22.97,22.94
04/26/2019,22.92,138360,22.87,22.93,22.85
04/25/2019,22.87,243104,22.95,22.95,22.85
04/24/2019,22.865,258362,22.94,22.94,22.8626
04/23/2019,23.1,299814,23.01,23.14,23.01
04/22/2019,23.01,180099,22.97,23.01,22.9101
04/18/2019,22.96,176025,22.97,22.98,22.87
04/17/2019,22.95,552955,22.97,22.98,22.95
04/16/2019,22.97,378406,22.96,22.98,22.93
04/15/2019,22.95,339059,23.01,23.01,22.91
04/12/2019,22.95,197361,22.95,22.96,22.94
04/11/2019,22.94,211371,22.95,22.97,22.93
04/10/2019,22.94,198267,22.91,22.95,22.91
04/09/2019,22.92,228222,22.93,22.95,22.9
04/08/2019,22.93,295755,22.93,22.9472,22.9
04/05/2019,22.92,384489,22.98,22.98,22.9
04/04/2019,22.89,206740,22.88,22.91,22.84
04/03/2019,22.87,213900,22.85,22.95,22.85
04/02/2019,22.84,160774,22.84,22.86,22.81
04/01/2019,22.81,349072,22.81,22.85,22.7501
03/29/2019,22.7,178158,22.64,22.74,22.6
03/28/2019,22.6,128125,22.56,22.63,22.53
03/27/2019,22.53,146543,22.61,22.64,22.415
03/26/2019,22.56,137174,22.65,22.6797,22.5558
03/25/2019,22.55,152483,22.5,22.589,22.41
03/22/2019,22.53,184246,22.72,22.729,22.5
03/21/2019,22.7,301282,22.61,22.76,22.6006
03/20/2019,22.655,120031,22.6,22.7,22.53
03/19/2019,22.79,190800,22.86,22.9089,22.7601
03/18/2019,22.79,339736,22.99,22.99,22.74
03/15/2019,22.78,132203,22.68,22.88,22.6547
03/14/2019,22.59,233550,22.7,22.7,22.56
03/13/2019,22.6,238093,22.73,22.73,22.5601
03/12/2019,22.59,233484,22.67,22.67,22.52
03/11/2019,22.6,166689,22.4,22.6,22.4
03/08/2019,22.31,104393,22.19,22.31,22.06
03/07/2019,22.34,235355,22.43,22.44,22.2967
03/06/2019,22.45,149881,22.49,22.5,22.42
03/05/2019,22.48,185296,22.49,22.5,22.45
03/04/2019,22.47,223547,22.5,22.54,22.365
03/01/2019,22.47,118230,22.5,22.5,22.4
02/28/2019,22.41,107532,22.38,22.4431,22.36
02/27/2019,22.39,77228,22.35,22.3935,22.26
02/26/2019,22.36,210143,22.35,22.46,22.31
02/25/2019,22.38,188348,22.41,22.49,22.33
02/22/2019,22.315,145210,22.25,22.33,22.22
02/21/2019,22.22,145262,22.22,22.33,22.1301
02/20/2019,22.255,224212,22.27,22.31,22.21
02/19/2019,22.47,231035,22.33,22.49,22.32
02/15/2019,22.38,286704,22.49,22.5,22.25
02/14/2019,22.4,166929,22.39,22.42,22.31
02/13/2019,22.37,216273,22.37,22.4199,22.37
02/12/2019,22.37,142957,22.36,22.39,22.35
02/11/2019,22.31,160052,22.31,22.33,22.29
02/08/2019,22.27,90924,22.17,22.29,22.1294
02/07/2019,22.25,119534,22.31,22.32,22.2
02/06/2019,22.32,163911,22.31,22.3892,22.29
02/05/2019,22.31,194645,22.28,22.37,22.27
02/04/2019,22.28,183535,22.17,22.3032,22.16
02/01/2019,22.13,153287,22.08,22.1999,22.07
01/31/2019,22.07,306054,22,22.1729,21.9679
01/30/2019,21.96,100846,21.72,22,21.7
01/29/2019,21.64,175694,21.77,21.81,21.6
01/28/2019,21.77,217319,21.77,21.79,21.65
01/25/2019,21.87,97371,21.77,21.88,21.77
01/24/2019,21.73,80349,21.7,21.75,21.6101
01/23/2019,21.64,132320,21.69,21.7589,21.48
01/22/2019,21.83,120700,21.89,21.93,21.8001
01/18/2019,21.92,302961,21.87,22,21.75
01/17/2019,21.78,94941,21.75,21.8,21.7414
01/16/2019,21.75,159778,21.76,21.8,21.72
01/15/2019,21.79,150463,21.72,21.8,21.7
01/14/2019,21.75,102299,21.79,21.829,21.72
01/11/2019,21.81,102974,21.75,21.81,21.68
01/10/2019,21.76,98696,21.74,21.803,21.65
01/09/2019,21.65,223828,21.65,21.8091,21.62
01/08/2019,21.7,100051,21.73,21.75,21.57
01/07/2019,21.58,139995,21.54,21.6441,21.535
01/04/2019,21.46,102836,21.37,21.56,21.1
01/03/2019,21.01,195691,21.05,21.2976,21
01/02/2019,21.31,96328,20.94,21.36,20.94
12/31/2018,21.31,359910,21.07,21.429,21.07
12/28/2018,21.0746,216743,21.12,21.32,20.98
12/27/2018,21.34,222013,20.51,21.34,20.51
12/26/2018,20.6,308497,20,21,19.43
12/24/2018,20.02,205911,20.48,20.62,20
12/21/2018,20.68,435390,21.56,21.73,20.37
12/20/2018,21.51,308886,21.9,22.049,21.2201
12/19/2018,21.9,220787,22.63,22.7168,21.69
12/18/2018,22.45,130909,22.41,22.6051,22.2542
12/17/2018,22.25,253296,22.69,22.8299,22.1
12/14/2018,22.83,194792,23.29,23.29,22.75
12/13/2018,23.25,84805,23.22,23.3699,23.13
12/12/2018,23.2,197348,23.18,23.3799,23.14
12/11/2018,23.04,207532,23.12,23.25,22.87
12/10/2018,22.99,248530,22.8,23.09,22.5102
12/07/2018,22.78,143915,23.21,23.24,22.72
12/06/2018,23.23,188735,22.77,23.24,22.77
12/04/2018,23.13,176579,23.56,23.61,23.05
12/03/2018,23.59,199380,23.66,23.7,23.5261
11/30/2018,23.33,77697,23.26,23.37,23.24
11/29/2018,23.24,128202,23.25,23.36,23.15
11/28/2018,23.28,234837,22.96,23.3184,22.92
11/27/2018,22.91,249378,22.83,22.96,22.6701
11/26/2018,22.86,181477,22.62,22.86,22.55
11/23/2018,22.47,72427,22.6,22.6,22.46
11/21/2018,22.6,137872,22.6,22.76,22.52
11/20/2018,22.56,268300,22.62,22.85,22.32
11/19/2018,22.91,143901,23.37,23.37,22.84
11/16/2018,23.37,101710,23.32,23.65,23.07
11/15/2018,23.49,166011,23.1,23.57,22.8507
11/14/2018,23.09,94316,23.52,23.5495,22.9731
11/13/2018,23.26,78992,23.36,23.6389,23.2
11/12/2018,23.31,132285,23.82,23.82,23.21
11/09/2018,23.93,78671,24.1,24.1,23.75
11/08/2018,24.2,96213,24.25,24.25,24.1001
11/07/2018,24.23,149444,23.9,24.23,23.85
11/06/2018,23.7,94817,23.49,23.77,23.49
11/05/2018,23.49,202937,23.56,23.57,23.29
11/02/2018,23.49,318195,23.85,23.9,23.408
11/01/2018,23.8,116296,23.59,23.83,23.45
10/31/2018,23.52,145754,23.37,23.6664,23.3001
10/30/2018,22.97,107961,22.65,22.99,22.58
10/29/2018,22.72,213643,23.4,23.52,22.31
10/26/2018,23.13,142064,23.02,23.5,22.8535
10/25/2018,23.59,147128,23.21,23.6665,23.148
10/24/2018,22.92,224995,23.7,23.805,22.87
10/23/2018,24.06,210988,23.9,24.1049,23.55
10/22/2018,24.14,93582,24.03,24.24,23.98
10/19/2018,23.98,61412,24.14,24.33,23.88
10/18/2018,23.98,109638,24.42,24.42,23.85
10/17/2018,24.49,156125,24.63,24.63,24.25
10/16/2018,24.53,178168,24,24.55,23.9912
10/15/2018,23.81,73757,24.05,24.05,23.7005
10/12/2018,24.13,175334,23.94,24.15,23.61
10/11/2018,23.425,375525,23.8,23.95,23.19
10/10/2018,23.89,486139,24.72,24.72,23.76
10/09/2018,24.75,98526,24.66,24.87,24.5819
10/08/2018,24.68,129567,24.76,24.82,24.4001
10/05/2018,24.76,208648,25,25,24.5
10/04/2018,24.97,254894,25.25,25.25,24.85
10/03/2018,25.23,253288,25.25,25.28,25.19
10/02/2018,25.19,134957,25.2,25.24,25.1565
10/01/2018,25.2,187441,25.19,25.25,25.1501
09/28/2018,25.13,108392,25.12,25.18,25.1
09/27/2018,25.16,130750,25.05,25.2,25.05
09/26/2018,25.05,208802,25.09,25.17,25.01
09/25/2018,25.24,117858,25.26,25.26,25.15
09/24/2018,25.22,158562,25.15,25.22,25.0177
09/21/2018,25.15,210365,25.33,25.33,25.05
09/20/2018,25.27,163730,25.26,25.3,25.2
09/19/2018,25.23,181165,25.26,25.27,25.21
09/18/2018,25.25,116321,25.26,25.26,25.19
09/17/2018,25.21,373656,25.25,25.25,25.15
09/14/2018,25.24,249934,25.25,25.26,25.2
09/13/2018,25.2,131239,25.22,25.24,25.15
09/12/2018,25.17,122311,25.19,25.19,25.025
09/11/2018,25.17,159822,25.07,25.17,25
09/10/2018,25.07,225701,25.1,25.11,24.9801
09/07/2018,25.01,137003,25.01,25.08,24.92
09/06/2018,25.02,214120,25,25.08,24.94
09/05/2018,25.08,170424,25.16,25.16,25.02
09/04/2018,25.16,574198,25.18,25.19,25.08
08/31/2018,25.15,133031,25.14,25.1697,25.07
08/30/2018,25.14,101435,25.13,25.17,25.106
08/29/2018,25.17,345522,25.16,25.18,25.08
08/28/2018,25.13,157219,25.2,25.21,25.001
08/27/2018,25.1,110077,25.16,25.16,25.06
08/24/2018,25.06,178707,24.99,25.06,24.98
08/23/2018,24.97,146193,24.95,25.16,24.925
08/22/2018,24.95,110155,24.92,24.98,24.86
08/21/2018,25.14,198190,25.26,25.26,25.075
08/20/2018,25.14,186122,25.16,25.16,25
08/17/2018,25.1,90396,25.17,25.17,24.9
08/16/2018,25.1,136446,25.24,25.24,25.052
08/15/2018,25.03,129266,25.11,25.11,24.887
08/14/2018,25.16,96229,25.2,25.2,25.04
08/13/2018,25.04,75513,25.11,25.15,25
08/10/2018,25.06,111542,25,25.23,25
08/09/2018,25.11,130022,25.15,25.1697,25
08/08/2018,25.12,82323,25.13,25.1597,25.0501
08/07/2018,25.1,146314,25.1,25.12,25.0003
08/06/2018,25.05,115928,24.99,25.07,24.9101
08/03/2018,24.895,110735,24.99,24.99,24.7739
08/02/2018,24.9,109445,24.58,24.9,24.475
08/01/2018,24.622,104239,24.53,24.67,24.53
07/31/2018,24.53,104773,24.49,24.6072,24.28
07/30/2018,24.36,170029,24.66,24.66,24.2413
07/27/2018,24.62,90098,24.85,24.93,24.51
07/26/2018,24.78,266087,24.97,24.97,24.71
07/25/2018,24.98,135069,24.94,25,24.81
07/24/2018,25,142717,25,25.1292,24.95
07/23/2018,24.96,87052,24.89,24.97,24.78
07/20/2018,24.84,111726,24.9,24.97,24.78
07/19/2018,24.84,123630,24.91,24.98,24.745
07/18/2018,24.8,149926,24.88,24.88,24.76
07/17/2018,24.84,109425,24.77,24.84,24.735
07/16/2018,24.82,154324,24.85,24.85,24.75
07/13/2018,24.79,87880,24.82,24.82,24.694
07/12/2018,24.79,127999,24.72,24.79,24.66
07/11/2018,24.63,120386,24.63,24.65,24.57
07/10/2018,24.67,90507,24.72,24.72,24.574
07/09/2018,24.64,130166,24.59,24.64,24.53
07/06/2018,24.5,66178,24.2,24.52,24.16
07/05/2018,24.2,115053,24.18,24.2,24.0001
07/03/2018,24,103501,24.15,24.27,23.978
07/02/2018,24.2,132117,24,24.2,23.87
06/29/2018,24.04,78796,24,24.19,24
06/28/2018,24,129420,23.86,24.061,23.75
06/27/2018,23.81,142687,24.16,24.2468,23.81
06/26/2018,24.09,125041,24.09,24.19,23.98
06/25/2018,24.04,267766,24.38,24.38,23.8301
06/22/2018,24.39,103904,24.43,24.45,24.29
06/21/2018,24.4,126041,24.54,24.5443,24.3306
06/20/2018,24.51,193666,24.5,24.63,24.4301
06/19/2018,24.5821,99580,24.5,24.6,24.38
06/18/2018,24.53,163566,24.57,24.7,24.5
06/15/2018,24.66,135511,24.74,24.75,24.56
06/14/2018,24.74,108914,24.76,24.78,24.72
06/13/2018,24.74,129069,24.76,24.7927,24.7
06/12/2018,24.75,141181,24.78,24.789,24.7
06/11/2018,24.74,168851,24.71,24.75,24.7
06/08/2018,24.71,67255,24.72,24.749,24.65
06/07/2018,24.71,115054,24.73,24.7672,24.65
06/06/2018,24.71,119759,24.7,24.75,24.65
06/05/2018,24.73,192789,24.74,24.82,24.677
06/04/2018,24.69,170473,24.8,24.8,24.67
06/01/2018,24.71,158092,24.65,24.72,24.59
05/31/2018,24.57,127106,24.58,24.6699,24.54
05/30/2018,24.56,113766,24.49,24.58,24.47
05/29/2018,24.46,138326,24.5,24.519,24.4001
05/25/2018,24.54,110164,24.5,24.59,24.48
05/24/2018,24.48,116648,24.5,24.52,24.37
05/23/2018,24.53,131798,24.32,24.53,24.3
05/22/2018,24.62,116447,24.8,24.91,24.58
05/21/2018,24.61,112470,24.8,24.8,24.5101
05/18/2018,24.6,101712,24.49,24.62,24.45
05/17/2018,24.59,130844,24.66,24.66,24.56
05/16/2018,24.62,149938,24.7,24.7,24.5804
05/15/2018,24.59,118454,24.68,24.68,24.54
05/14/2018,24.61,82074,24.65,24.65,24.51
05/11/2018,24.6,94011,24.58,24.6,24.52
05/10/2018,24.5,107029,24.65,24.65,24.45
05/09/2018,24.52,69723,24.51,24.54,24.435
05/08/2018,24.45,49700,24.46,24.46,24.39
05/07/2018,24.44,76520,24.56,24.56,24.3533
05/04/2018,24.38,53852,24.14,24.3822,24.07
05/03/2018,24.09,54595,24.05,24.1297,23.82
05/02/2018,24.06,50392,24.21,24.21,24.02
05/01/2018,24.1,35649,23.98,24.1,23.83
04/30/2018,23.96,85762,24.07,24.1576,23.9
04/27/2018,24.0248,113557,24.39,24.39,23.9
04/26/2018,23.91,87377,23.59,24,23.59
04/25/2018,23.65,60309,23.7,23.7,23.45
04/24/2018,23.79,85977,24.39,24.39,23.68
04/23/2018,24.14,42363,24.31,24.31,24.02
04/20/2018,24.21,108660,24.55,24.55,24.15
04/19/2018,24.5575,92062,24.88,24.88,24.4326
04/18/2018,24.79,51931,24.76,24.8398,24.601
04/17/2018,24.71,80697,24.41,24.77,24.36
04/16/2018,24.15,105669,24.15,24.259,24
04/13/2018,24.01,59584,24.26,24.26,23.9
04/12/2018,24.08,49697,23.98,24.25,23.98
04/11/2018,23.81,63876,23.94,24.09,23.79
04/10/2018,23.99,86485,23.89,24.01,23.6201
04/09/2018,23.48,47483,23.56,23.89,23.46
04/06/2018,23.3,77359,23.74,23.8414,23.23
04/05/2018,23.88,135541,23.99,23.99,23.66
04/04/2018,23.78,111212,22.88,23.8,22.8201
04/03/2018,23.38,94742,23.36,23.43,22.95
04/02/2018,23.1864,151508,23.75,23.75,22.95
03/29/2018,23.8,69328,23.52,23.994,23.3
03/28/2018,23.42,141478,23.62,23.6999,23.2299
03/27/2018,23.64,140906,24.56,24.56,23.47
03/26/2018,24.39,72592,24,24.39,23.72
03/23/2018,23.57,88712,24.17,24.24,23.56
03/22/2018,24.18,102273,24.71,24.71,24.09
03/21/2018,24.71,83328,24.85,24.89,24.635
03/20/2018,25.02,132684,25,25.03,24.8
03/19/2018,24.97,301755,25.27,25.27,24.75
03/16/2018,25.31,227014,25.36,25.44,25.26
03/15/2018,25.34,111075,25.5,25.5,25.26
03/14/2018,25.3,67279,25.33,25.3394,25.26
03/13/2018,25.29,64905,25.34,25.358,25.29
03/12/2018,25.28,81425,25.42,25.42,25.22
03/09/2018,25.3,38667,25.39,25.39,25.211
03/08/2018,25.21,68753,25.28,25.28,25.1501
03/07/2018,25.06,132601,25.18,25.18,25
03/06/2018,25.1268,92931,25.08,25.15,25.03
03/05/2018,25.01,251150,24.94,25.11,24.78
03/02/2018,24.94,61745,24.67,24.94,24.4765
03/01/2018,24.75,46575,25.02,25.02,24.551
02/28/2018,24.9098,51220,25.13,25.1392,24.9098
02/27/2018,25.06,55769,25.2,25.2,25.0397
02/26/2018,25.13,60084,25.2,25.2,25.004
02/23/2018,25.06,69401,24.81,25.06,24.8
02/22/2018,24.7607,58314,25.09,25.09,24.75
02/21/2018,24.82,133508,24.94,25.0099,24.81
02/20/2018,24.96,108960,24.92,25.06,24.86
02/16/2018,24.98,70711,24.95,25.1451,24.94
02/15/2018,24.93,69889,24.84,24.93,24.56
02/14/2018,24.6,79244,24.05,24.6,24.05
02/13/2018,24.17,28308,23.9,24.18,23.86
02/12/2018,24.05,77669,23.71,24.15,23.7
02/09/2018,23.62,114218,23.5,23.7199,22.67
02/08/2018,23.17,114940,24.29,24.53,23.16
02/07/2018,24.1828,88272,24.49,24.53,24.17
02/06/2018,24.699,147781,23.75,25.17,23.6
02/05/2018,23.98,177529,24.66,24.82,23.85
02/02/2018,24.6502,67273,24.85,25.19,24.641
02/01/2018,24.86,82418,24.89,24.94,24.76
01/31/2018,24.858,48871,24.96,24.96,24.82
01/30/2018,24.84,66282,24.91,24.91,24.7626
01/29/2018,24.91,47143,24.97,24.9725,24.87
01/26/2018,24.9216,66106,24.93,24.93,24.863
01/25/2018,24.85,31996,25,25,24.74
01/24/2018,24.85,62275,25.16,25.16,24.81
01/23/2018,25.16,81353,25.29,25.35,25
01/22/2018,25.12,72603,24.98,25.12,24.93
01/19/2018,24.98,70866,24.91,24.9814,24.798
01/18/2018,24.9164,59982,24.75,24.93,24.75
01/17/2018,24.93,89262,24.95,24.95,24.781
01/16/2018,24.94,63268,25.03,25.03,24.9094
01/12/2018,24.96,54151,25,25.005,24.9
01/11/2018,24.945,25131,24.98,24.98,24.9101
01/10/2018,24.935,148589,24.92,24.99,24.9
01/09/2018,24.9301,61367,24.98,24.98,24.93
01/08/2018,24.93,77680,24.99,24.99,24.9
01/05/2018,24.9,160781,24.95,24.95,24.81
01/04/2018,24.88,233841,24.85,24.8945,24.83
01/03/2018,24.83,45972,24.83,24.84,24.76
01/02/2018,24.76,98046,24.53,24.7699,24.53
12/29/2017,24.5314,28482,24.64,24.64,24.5314
12/28/2017,24.6,57433,24.53,24.66,24.53
12/27/2017,24.565,26516,24.6,24.619,24.5501
12/26/2017,24.5631,22021,24.59,24.59,24.53
12/22/2017,24.6075,24354,24.64,24.64,24.58
12/21/2017,24.6,42010,24.58,24.68,24.58
12/20/2017,24.63,54843,24.81,24.81,24.6034
12/19/2017,24.8366,63332,24.97,24.97,24.78
12/18/2017,24.94,54682,24.69,24.98,24.65
12/15/2017,24.89,13981,24.65,24.93,24.61
12/14/2017,24.6128,21357,24.66,24.6699,24.6003
12/13/2017,24.61,12069,24.61,24.62,24.565
12/12/2017,24.58,24229,24.46,24.61,24.46
12/11/2017,24.57,37725,24.57,24.585,24.42
12/08/2017,24.41,13464,24.4,24.513,24.4
12/07/2017,24.3812,6215,24.3,24.39,24.2984
12/06/2017,24.3,19953,24.2,24.36,24.14
12/05/2017,24.2153,37344,24.1,24.359,24.0801
12/04/2017,24.2,43090,24.52,24.52,24.2
12/01/2017,24.38,31537,24.39,24.4068,24.07
11/30/2017,24.4,83063,24.25,24.45,24.25
11/29/2017,24.29,46692,24.54,24.54,24.23
11/28/2017,24.52,39653,24.48,24.5499,24.48
11/27/2017,24.48,59139,24.53,24.5357,24.45
11/24/2017,24.495,10838,24.5,24.5,24.43
11/22/2017,24.46,33869,24.55,24.55,24.4137
11/21/2017,24.555,43178,24.39,24.56,24.39
11/20/2017,24.385,42175,24.5,24.5,24.32
11/17/2017,24.39,33416,24.56,24.56,24.39
11/16/2017,24.51,79991,24.44,24.55,24.44
11/15/2017,24.48,21905,24.4,24.49,24.4
11/14/2017,24.46,60485,24.42,24.49,24.42
11/13/2017,24.47,29380,24.49,24.498,24.4
11/10/2017,24.5,32750,24.55,24.55,24.43
11/09/2017,24.48,31589,24.49,24.5,24.4301
11/08/2017,24.5,48279,24.49,24.5,24.4
11/07/2017,24.47,41813,24.49,24.4976,24.4301
11/06/2017,24.47,34674,24.46,24.47,24.4
11/03/2017,24.4,68518,24.42,24.42,24.35
11/02/2017,24.38,24560,24.39,24.39,24.3301
11/01/2017,24.4,49105,24.41,24.42,24.3
10/31/2017,24.36,43781,24.36,24.39,24.35
10/30/2017,24.35,37246,24.13,24.39,24.13
10/27/2017,24.33,27126,24.26,24.33,24.194
10/26/2017,24.02,31367,24,24.06,23.9924
10/25/2017,24.04,55544,24.19,24.19,23.9112
10/24/2017,24.26,45060,24.35,24.35,24.19
10/23/2017,24.245,28727,24.32,24.33,24.23
10/20/2017,24.31,30811,24.24,24.359,24.24
10/19/2017,24.245,36414,24.17,24.26,24.17
10/18/2017,24.23,38548,24.31,24.31,24.2102
10/17/2017,24.2484,26074,24.26,24.26,24.169
10/16/2017,24.22,32618,24.32,24.32,24.16
10/13/2017,24.2,23627,24.3,24.3,24.18
10/12/2017,24.19,28862,24.23,24.23,24.1426
10/11/2017,24.18,21104,24.25,24.25,24.115
10/10/2017,24.14,36491,24.12,24.15,24.0001
10/09/2017,24.1001,28521,24.04,24.15,24.04
10/06/2017,24.09,26231,24.1,24.12,24.01
10/05/2017,24.0999,24660,23.99,24.0999,23.98
10/04/2017,23.975,34914,23.99,23.99,23.9322
10/03/2017,23.96,24785,23.99,23.99,23.94
10/02/2017,23.95,14980,24,24,23.875
09/29/2017,23.9,53900,23.74,23.94,23.731
09/28/2017,23.72,55398,23.75,23.8,23.7
09/27/2017,23.75,66418,23.6,23.82,23.6
09/26/2017,23.61,38144,23.68,23.7,23.55
09/25/2017,23.54,33236,23.75,23.75,23.5
09/22/2017,23.75,27489,23.75,23.79,23.67
09/21/2017,23.78,27689,23.91,23.91,23.69
09/20/2017,23.847,61355,24.01,24.01,23.75
09/19/2017,24.06,41662,24.09,24.09,23.951
09/18/2017,24.019,40553,24.03,24.1,23.8944
09/15/2017,23.965,60456,23.93,24,23.88
09/14/2017,23.8834,58042,23.93,23.93,23.82
09/13/2017,23.89,15693,23.9,23.9214,23.86
09/12/2017,23.9,36926,23.86,23.97,23.84
09/11/2017,23.92,37073,23.91,23.97,23.84
09/08/2017,23.9,149337,23.97,23.979,23.8614
09/07/2017,23.9,38571,23.853,23.9163,23.8165
09/06/2017,23.81,33533,24.02,24.02,23.8036
09/05/2017,23.9,33804,23.95,23.967,23.7299
09/01/2017,23.9,59857,24.03,24.03,23.8
08/31/2017,23.93,28199,23.9,23.95,23.86
08/30/2017,23.85,13748,23.75,23.89,23.75
08/29/2017,23.75,22362,23.74,23.83,23.6
08/28/2017,23.75,28434,23.8,23.8,23.6508
08/25/2017,23.61,17398,23.66,23.78,23.61
08/24/2017,23.6501,20275,23.91,23.91,23.5101
08/23/2017,23.62,34265,23.81,23.84,23.585
08/22/2017,23.8501,26290,23.73,23.949,23.73
08/21/2017,23.6,22595,23.7,23.76,23.56
08/18/2017,23.6542,21449,23.6,23.8062,23.58
08/17/2017,23.6001,45784,24.18,24.18,23.6
08/16/2017,24.09,29243,24.09,24.15,23.997
08/15/2017,24.05,22781,24.17,24.17,23.9661
08/14/2017,24.03,15338,23.85,24.03,23.85
08/11/2017,23.68,22333,23.5,23.78,23.5
08/10/2017,23.58,59944,23.99,23.99,23.58
08/09/2017,24,34151,23.94,24.01,23.88
08/08/2017,23.98,38905,24.13,24.13,23.95
08/07/2017,24,61968,23.98,24,23.82
08/04/2017,23.89,19133,23.96,23.96,23.85
08/03/2017,23.81,30213,23.81,23.93,23.76
08/02/2017,23.8858,201548,23.875,23.93,23.77
08/01/2017,23.82,20097,23.9,23.9,23.7581
07/31/2017,23.82,61962,23.98,23.98,23.74
07/28/2017,23.7793,25234,23.49,23.97,23.49
07/27/2017,23.71,51764,23.9359,23.9359,23.64
07/26/2017,23.89,32746,23.97,24.0412,23.8401
07/25/2017,24.0001,29355,24.11,24.11,23.97
07/24/2017,23.98,10759,24.1,24.1,23.96
07/21/2017,23.93,27445,23.91,24.16,23.91
07/20/2017,24.02,52670,24.13,24.13,23.91
07/19/2017,24,86223,23.9844,24.06,23.9133
07/18/2017,24.03,1100143,23.99,24.055,23.91
07/17/2017,24,37963,23.99,24.02,23.9501
07/14/2017,24.018,18774,24.1,24.1,23.9341
07/13/2017,23.96,18396,23.8912,24.07,23.8676
07/12/2017,23.9257,26958,23.9,23.99,23.8101
07/11/2017,23.8,52887,23.91,23.93,23.74
07/10/2017,23.86,41770,23.68,23.9375,23.671
07/07/2017,23.6832,31101,23.59,23.7645,23.59
07/06/2017,23.58,74254,23.78,23.78,23.52
07/05/2017,23.7,27967,23.61,23.75,23.52
07/03/2017,23.52,14899,23.55,23.74,23.5
06/30/2017,23.64,17800,23.6101,23.7099,23.5047
06/29/2017,23.63,34688,23.83,23.83,23.4361
06/28/2017,23.7273,22600,23.79,23.79,23.6
06/27/2017,23.67,51070,23.92,23.92,23.65
06/26/2017,23.84,40888,23.89,23.946,23.7787
06/23/2017,23.89,16805,23.81,23.91,23.7962
06/22/2017,23.8182,19347,23.93,23.93,23.72
06/21/2017,23.76,14375,23.78,23.86,23.75
06/20/2017,24,52853,24,24.12,23.9522
06/19/2017,24,24622,24,24,23.8755
06/16/2017,23.82,22758,23.99,23.99,23.76
06/15/2017,23.94,27516,24.04,24.04,23.67
06/14/2017,23.92,38781,23.87,23.93,23.79
06/13/2017,23.865,41020,23.76,23.9,23.76
06/12/2017,23.8,54868,23.78,23.82,23.5
06/09/2017,23.78,96173,24.08,24.08,23.75
06/08/2017,23.91,32144,23.955,24.01,23.9004
06/07/2017,23.95,45744,23.873,24,23.85
06/06/2017,23.89,40880,23.975,23.98,23.88
06/05/2017,23.925,29046,23.98,23.99,23.89
06/02/2017,23.92,20369,23.97,24.0743,23.7983
06/01/2017,23.87,68456,23.97,23.97,23.75
05/31/2017,23.75,55299,24.07,24.07,23.75
05/30/2017,23.83,25164,24.03,24.03,23.79
05/26/2017,23.8,16470,23.85,23.85,23.7602
05/25/2017,23.82,52766,23.8,23.89,23.7811
05/24/2017,23.74,27264,23.87,23.87,23.7022
05/23/2017,23.81,35848,23.98,23.98,23.8
05/22/2017,23.782,40993,23.85,23.85,23.7
05/19/2017,23.69,58443,23.62,23.81,23.57
05/18/2017,23.6178,16434,23.55,23.643,23.55
05/17/2017,23.62,29769,23.66,23.6736,23.5
05/16/2017,23.62,23804,23.71,23.71,23.565
05/15/2017,23.62,21353,23.69,23.84,23.56
05/12/2017,23.62,19836,23.63,23.6424,23.558
05/11/2017,23.62,26938,23.6,23.69,23.59
05/10/2017,23.6,21881,23.57,23.6792,23.57
05/09/2017,23.5746,33453,23.6792,23.6937,23.53
05/08/2017,23.61,35587,23.59,23.66,23.5
05/05/2017,23.66,16337,23.4445,23.6679,23.4445
05/04/2017,23.66,27127,23.54,23.66,23.51
05/03/2017,23.52,13631,23.54,23.58,23.5
05/02/2017,23.5438,24318,23.59,23.59,23.5
05/01/2017,23.56,24673,23.59,23.59,23.3784
04/28/2017,23.46,20698,23.5,23.5794,23.435
04/27/2017,23.5,23934,23.68,23.68,23.46
04/26/2017,23.47,50907,23.62,23.62,23.4
04/25/2017,23.56,34319,23.69,23.69,23.5
04/24/2017,23.55,27527,23.69,23.69,23.4868
04/21/2017,23.42,43352,23.3952,23.47,23.3701
04/20/2017,23.41,27874,23.48,23.53,23.403
04/19/2017,23.32,16080,23.38,23.479,23.31
04/18/2017,23.29,22729,23.24,23.3194,23.2
04/17/2017,23.203,6144,23.11,23.26,23.11
04/13/2017,23.1,49490,23.235,23.3199,23.1
04/12/2017,23.22,14941,23.24,23.33,23.22
04/11/2017,23.231,22980,23.34,23.34,23.15
04/10/2017,23.3,10342,23.34,23.34,23.26
04/07/2017,23.29,11845,23.2999,23.3499,23.2305
04/06/2017,23.2764,18519,23.11,23.3,23.11
04/05/2017,23.12,23345,23.286,23.3499,23.12
04/04/2017,23.24,20958,23.29,23.2984,23.21
04/03/2017,23.26,20495,23.31,23.319,23.2
03/31/2017,23.25,17183,23.25,23.27,23.2
03/30/2017,23.2725,5222,23.25,23.28,23.25
03/29/2017,23.28,89358,23.2299,23.29,23.1258
03/28/2017,23.15,20511,23.07,23.25,23.019
03/27/2017,23.07,25709,22.96,23.1,22.8801
03/24/2017,22.9644,8843,22.9,23.06,22.9
03/23/2017,22.94,18022,22.95,23.0599,22.94
03/22/2017,22.9699,13661,22.89,22.9917,22.89
03/21/2017,23.02,24078,23.2,23.25,23.02
03/20/2017,23.2,46688,23.06,23.27,23.05
03/17/2017,23.18,86877,23.265,23.3388,23.13
03/16/2017,23.2,24308,23.2,23.33,23.2
03/15/2017,23.2694,12383,23.25,23.3387,23.2388
03/14/2017,23.25,5276,23.2374,23.309,23.2374
03/13/2017,23.2,18796,23.3,23.3,23.1472
03/10/2017,23.17,23637,23.17,23.29,23.13
03/09/2017,23.21,12846,23.07,23.21,23.07
03/08/2017,23.2295,7853,23.1992,23.249,23.1601
03/07/2017,23.18,14296,23.25,23.25,23.16
03/06/2017,23.25,20132,23.1,23.25,23.08
03/03/2017,23.13,33583,22.99,23.18,22.99
03/02/2017,23.14,21066,23.24,23.2499,23.06
03/01/2017,23.2,11652,23.34,23.34,23.0401
02/28/2017,23.07,40342,23.1,23.1,22.9801
02/27/2017,23.09,20622,23,23.1,22.9955
02/24/2017,23.05,32899,22.9,23.09,22.9
02/23/2017,23.06,46933,23.15,23.15,23
02/22/2017,23.115,15549,23.27,23.27,23.0406
02/21/2017,23.25,29837,23.3,23.3299,23.2
02/17/2017,23.14,18887,23.1,23.15,23.01
02/16/2017,23.07,22998,23.14,23.14,23.01
02/15/2017,23.06,17358,23.14,23.14,23
02/14/2017,23.055,32375,23.18,23.18,23
02/13/2017,23.0669,18237,23.27,23.27,23.0201
02/10/2017,23.0899,45333,23.1,23.1,23.0369
02/09/2017,23.065,46111,23.16,23.16,23.01
02/08/2017,23.06,52654,22.99,23.08,22.951
02/07/2017,23.01,15845,23.25,23.25,23.01
02/06/2017,23.04,10950,23.1,23.1044,22.9577
02/03/2017,23.02,13642,22.98,23.03,22.93
02/02/2017,22.98,19491,23,23.01,22.94
02/01/2017,22.93,24573,22.9,23.0476,22.8829
01/31/2017,22.9,6681,22.98,22.98,22.85
01/30/2017,22.95,17820,23.03,23.03,22.8101
01/27/2017,22.9948,7581,23.07,23.07,22.9
01/26/2017,22.8971,25117,22.95,22.9999,22.8201
01/25/2017,22.9599,18353,23.01,23.01,22.8228
01/24/2017,23.01,31745,22.98,23.05,22.8701
01/23/2017,22.76,25273,22.93,22.93,22.75
01/20/2017,22.8288,17157,22.93,22.93,22.8
01/19/2017,22.83,7596,22.89,22.89,22.79
01/18/2017,22.83,19636,22.94,22.94,22.71
01/17/2017,22.8,64512,22.87,22.87,22.75
01/13/2017,22.8,31719,22.85,22.85,22.7
01/12/2017,22.8,28579,22.73,22.8199,22.621
01/11/2017,22.77,52472,22.88,22.88,22.71
01/10/2017,22.7263,8977,22.7001,22.7599,22.7
01/09/2017,22.74,22910,22.65,22.75,22.6062
01/06/2017,22.66,31620,22.6452,22.765,22.6252
01/05/2017,22.56,28208,22.45,22.64,22.45
01/04/2017,22.5,13075,22.5,22.5,22.42
01/03/2017,22.36,22678,22.5,22.5,22.3112
12/30/2016,22.35,15163,22.37,22.41,22.2789
12/29/2016,22.4,10912,22.6064,22.6064,22.4
12/28/2016,22.4884,14956,22.56,22.589,22.3849
12/27/2016,22.51,40664,22.41,22.65,22.41
12/23/2016,22.46,25434,22.52,22.53,22.34
12/22/2016,22.34,23498,22.499,22.514,22.32
12/21/2016,22.45,9124,22.44,22.52,22.4
12/20/2016,22.6304,12218,22.59,22.6699,22.55
12/19/2016,22.5662,8756,22.62,22.6268,22.5338
12/16/2016,22.35,24129,22.682,22.682,22.35
12/15/2016,22.6,27065,22.69,22.6961,22.55
12/14/2016,22.55,9936,22.56,22.6621,22.55
12/13/2016,22.71,30656,22.55,22.74,22.55
12/12/2016,22.58,9491,22.56,22.621,22.54
12/09/2016,22.55,15818,22.71,22.71,22.4644
12/08/2016,22.502,14480,22.64,22.64,22.4844
12/07/2016,22.55,14342,22.2,22.55,22.2
12/06/2016,22.34,29294,22.49,22.49,22.25
12/05/2016,22.35,15565,22.2,22.4089,22.1667
12/02/2016,22.15,30326,22.15,22.2406,22.14
12/01/2016,22.12,20822,22.31,22.34,22.1
11/30/2016,22.31,65461,22.78,22.78,22.31
11/29/2016,22.48,106685,22.36,22.63,22.36
11/28/2016,22.45,8016,22.6799,22.6799,22.3325
11/25/2016,22.485,8056,22.4001,22.6,22.4001
11/23/2016,22.42,18705,22.4984,22.4984,22.4
11/22/2016,22.6,25978,22.6,22.7268,22.47
11/21/2016,22.57,19910,22.49,22.5987,22.45
11/18/2016,22.4221,9781,22.4017,22.49,22.3278
11/17/2016,22.4899,10485,22.33,22.5,22.2657
11/16/2016,22.191,12150,22.2761,22.3879,22.19
11/15/2016,22.15,19452,22.05,22.268,22.05
11/14/2016,21.8401,18285,21.94,22.0692,21.7827
11/11/2016,22.061,17642,22,22.15,21.9001
11/10/2016,22.1,28783,22.2699,22.2699,21.84
11/09/2016,22.32,25193,22,22.3993,22
11/08/2016,22.09,24308,22.25,22.25,22
11/07/2016,22.04,52282,22.05,22.1984,21.96
11/04/2016,21.62,50467,21.85,21.905,21.61
11/03/2016,21.83,25621,22.0499,22.0499,21.75
11/02/2016,21.9095,24812,22.08,22.209,21.87
11/01/2016,22.035,9569,22.17,22.1833,21.9056
10/31/2016,22.1501,9734,22.33,22.33,22.1
10/28/2016,22.13,20317,22.55,22.55,22.13
10/27/2016,22.2821,9906,22.5,22.5,22.2
10/26/2016,22.26,25501,22.53,22.53,22.181
10/25/2016,22.54,31123,22.8,22.8,22.47
10/24/2016,22.59,19010,22.67,22.67,22.5
10/21/2016,22.4,14626,22.36,22.4542,22.3
10/20/2016,22.38,20552,22.32,22.4499,22.29
10/19/2016,22.2901,18866,22.4,22.4,22.2241
10/18/2016,22.32,36047,22.17,22.38,22.17
10/17/2016,22.21,12117,22.37,22.37,22.18
10/14/2016,22.2,20595,22.45,22.45,22.16
10/13/2016,22.2068,29283,22.11,22.24,22
10/12/2016,22.22,7611,22.36,22.36,22.12
10/11/2016,22.23,13888,22.32,22.32,22.09
10/10/2016,22.3299,8205,22.2344,22.33,22.2344
10/07/2016,22.1904,5743,22.3,22.3,22.15
10/06/2016,22.18,4854,22.16,22.29,22.16
10/05/2016,22.1861,3791,22.26,22.26,22.1861
10/04/2016,22.232,9644,22.26,22.26,22.19
10/03/2016,22.25,11862,22.2,22.2799,22.1501
09/30/2016,22.155,12230,22.11,22.16,22.11
09/29/2016,22.1,17312,22.088,22.16,22.051
09/28/2016,22.15,11692,22.1,22.15,22.08
09/27/2016,22.15,6897,22.07,22.171,22.0401
09/26/2016,22.05,7320,22.103,22.13,22.05
09/23/2016,22.13,10325,22.12,22.14,22.1111
09/22/2016,22.1413,16352,22.23,22.23,22.1
09/21/2016,22.1,13550,21.95,22.1,21.93
09/20/2016,22.2,2880,22.15,22.28,22.15
09/19/2016,22.2131,6556,22.42,22.42,22.1101
09/16/2016,22.1512,8049,22.1,22.2099,22.1
09/15/2016,22.2099,3316,21.95,22.2099,21.95
09/14/2016,21.93,10357,21.94,22.06,21.8721
09/13/2016,21.81,9236,21.9,21.9,21.68
09/12/2016,21.946,8556,21.76,21.9955,21.652
09/09/2016,21.76,47434,22.08,22.08,21.71
09/08/2016,22.0901,16350,22.01,22.12,22.01
09/07/2016,22.09,6219,22.054,22.0999,22.03
09/06/2016,22.0475,9708,22.06,22.0699,21.9718
09/02/2016,22.0199,9679,21.973,22.05,21.9613
09/01/2016,21.96,7008,21.88,21.96,21.8697
08/31/2016,21.9013,9876,21.9299,21.93,21.8464
08/30/2016,21.93,21181,21.99,21.99,21.85
08/29/2016,21.97,9020,21.98,21.9999,21.87
08/26/2016,21.84,13116,21.98,22.0299,21.83
08/25/2016,21.9,15011,21.83,21.9399,21.83
08/24/2016,21.83,81656,22.06,22.13,21.82
08/23/2016,22.1324,18076,22.06,22.175,22.06
08/22/2016,22.05,6802,22.08,22.08,22.0297
08/19/2016,22.05,13045,22.0413,22.0599,22.01
08/18/2016,22.06,2898,22.07,22.079,22.05
08/17/2016,22.0652,8420,21.97,22.08,21.97
08/16/2016,22.04,6443,22.02,22.089,22
08/15/2016,22.02,9775,22.06,22.06,21.96
08/12/2016,22.03,16980,22.07,22.08,21.9684
08/11/2016,21.94,17349,22.02,22.07,21.94
08/10/2016,22.1,13017,22.03,22.11,22.03
08/09/2016,22.04,7386,22.029,22.05,22.01
08/08/2016,22.04,11996,22.02,22.05,21.9992
08/05/2016,22.0099,14485,21.9792,22.0199,21.9748
08/04/2016,22.0099,13587,21.92,22.02,21.9
08/03/2016,21.91,8872,21.95,21.99,21.91
08/02/2016,21.9201,5964,21.95,21.97,21.9187
08/01/2016,21.9799,18524,21.88,22.0199,21.88
07/29/2016,21.905,16305,21.8549,21.92,21.8549
07/28/2016,21.91,18839,21.75,21.95,21.75
07/27/2016,21.92,5489,21.97,22,21.8705
07/26/2016,21.8199,8682,21.8,21.9165,21.8
07/25/2016,21.8,18060,21.89,21.89,21.74
07/22/2016,21.82,8025,21.85,21.86,21.74
07/21/2016,21.81,18812,21.88,21.88,21.801
07/20/2016,21.83,32740,21.89,21.89,21.8125
07/19/2016,21.8631,20339,21.91,21.929,21.8401
07/18/2016,21.881,15699,21.896,21.97,21.88
07/15/2016,21.81,17345,21.92,21.9299,21.8
07/14/2016,21.91,9155,21.9145,21.96,21.8401
07/13/2016,21.8766,21316,21.8188,21.9536,21.8188
07/12/2016,21.9181,73588,22.03,22.03,21.85
07/11/2016,21.9354,35085,21.95,21.95,21.88
07/08/2016,21.87,36739,22.05,22.05,21.7501
07/07/2016,21.86,10578,21.7,21.8699,21.7
07/06/2016,21.765,21982,21.77,21.8444,21.7
07/05/2016,21.77,16162,21.85,21.85,21.6408
07/01/2016,21.73,6556,21.77,21.8,21.7025
06/30/2016,21.7199,16157,21.65,21.745,21.6306
06/29/2016,21.64,11977,21.4722,21.7,21.47
06/28/2016,21.2333,12927,21.1,21.4,21.1
06/27/2016,20.97,31341,21.3,21.3,20.77
06/24/2016,21.31,40060,21.49,21.51,21.12
06/23/2016,21.61,5599,21.72,21.72,21.5301
06/22/2016,21.5495,10359,21.62,21.6699,21.545
06/21/2016,21.71,5863,21.8,21.8,21.71
06/20/2016,21.82,16876,21.8999,21.9,21.7179
06/17/2016,21.7499,39751,21.8,21.937,21.63
06/16/2016,21.94,37715,21.811,21.9599,21.744
06/15/2016,21.88,8106,21.801,21.9,21.8001
06/14/2016,21.92,19003,21.97,21.97,21.7201
06/13/2016,21.76,12008,21.75,21.9499,21.75
06/10/2016,21.78,34197,21.81,21.89,21.7564
06/09/2016,21.8622,28462,21.8001,21.9599,21.78
06/08/2016,21.8961,7388,21.77,21.9978,21.77
06/07/2016,21.87,38012,21.82,21.95,21.78
06/06/2016,21.88,14123,21.92,21.92,21.8038
06/03/2016,21.9,14775,21.81,21.9094,21.7974
06/02/2016,21.88,11491,21.8213,21.9199,21.7701
06/01/2016,21.764,2437,21.89,21.8999,21.7574
05/31/2016,21.77,11410,22.02,22.02,21.7644
05/27/2016,21.8711,10488,21.85,21.95,21.7476
05/26/2016,21.7799,3629,21.85,21.85,21.71
05/25/2016,21.7845,10930,21.83,21.88,21.6301
05/24/2016,21.97,17521,22.43,22.43,21.795
05/23/2016,21.77,19725,21.84,21.84,21.644
05/20/2016,21.76,6739,21.61,21.8093,21.61
05/19/2016,21.51,23073,21.4,21.51,21.33
05/18/2016,21.4324,20474,21.55,21.6297,21.4
05/17/2016,21.544,16351,21.89,21.9,21.4672
05/16/2016,21.84,13524,21.46,21.84,21.46
05/13/2016,21.506,20094,21.46,21.78,21.4501
05/12/2016,21.59,12552,21.58,21.6621,21.4509
05/11/2016,21.7,12918,21.71,21.8799,21.7
05/10/2016,21.7765,9539,21.7499,21.85,21.5554
05/09/2016,21.5512,18666,21.59,21.6,21.43
05/06/2016,21.5499,39445,21.43,21.5499,21.31
05/05/2016,21.4532,5488,21.486,21.49,21.45
05/04/2016,21.46,12595,21.56,21.56,21.43
05/03/2016,21.594,7539,21.574,21.686,21.521
05/02/2016,21.76,7707,21.6082,21.76,21.53
04/29/2016,21.5745,12402,21.72,21.72,21.44
04/28/2016,21.74,20367,21.7901,22.032,21.73
04/27/2016,21.9165,31431,21.9,21.92,21.73
04/26/2016,22.0142,21744,22.05,22.13,22
04/25/2016,22.11,9981,22.17,22.17,22.05
04/22/2016,22.15,23946,22.21,22.21,21.9301
04/21/2016,22.325,13041,22.3406,22.3463,22.3
04/20/2016,22.37,34850,22.68,22.68,22.28
04/19/2016,22.49,12731,22.699,22.699,22.45
04/18/2016,22.43,13324,22.39,22.48,22.38
04/15/2016,22.44,28252,22.412,22.4799,22.39
04/14/2016,22.5197,16922,22.59,22.59,22.3676
04/13/2016,22.502,26693,22.57,22.57,22.43
04/12/2016,22.47,26555,22.3,22.505,22.3
04/11/2016,22.4201,13752,22.3,22.438,22.3
04/08/2016,22.4085,16953,22.48,22.48,22.32
04/07/2016,22.419,16967,22.55,22.55,22.26
04/06/2016,22.4601,30709,22.43,22.465,22.4
04/05/2016,22.368,10152,22.311,22.39,22.24
04/04/2016,22.4,16300,22.47,22.47,22.3
04/01/2016,22.38,6927,22.4,22.416,22.3
03/31/2016,22.3758,7320,22.4,22.49,22.2108
03/30/2016,22.3999,19816,22.3,22.42,22.29
03/29/2016,22.2411,23861,22.18,22.29,22
03/28/2016,22.1,15263,22.17,22.17,22.0085
03/24/2016,22.17,32670,22.31,22.335,22.0128
03/23/2016,22.14,10518,22.26,22.26,22.12
03/22/2016,22.31,37865,22.33,22.4,22.29
03/21/2016,22.35,21518,23,23,22.21
03/18/2016,22.27,32608,22.4,22.7523,22.18
03/17/2016,22.26,56939,22.38,22.9231,22.22
03/16/2016,22.294,17107,22.3,22.32,22.1701
03/15/2016,22.25,18137,22.32,22.32,22.2
03/14/2016,22.3,20363,22,22.3,22
03/11/2016,22.225,10052,22.32,22.32,22.18
03/10/2016,22.14,26440,22.17,22.1841,22.07
03/09/2016,22.15,27146,22,22.15,22
03/08/2016,22.13,11645,22.01,22.14,22.01
03/07/2016,22.11,5102,22.0868,22.1399,22.02
03/04/2016,22.1146,20238,22.16,22.17,22.0005
03/03/2016,22.1151,5633,21.98,22.14,21.98
03/02/2016,22.1299,21539,22.13,22.14,21.94
03/01/2016,22.1699,8331,22.05,22.1699,21.981
02/29/2016,21.945,12567,21.95,22.02,21.94
02/26/2016,21.9256,6782,21.95,21.95,21.82
02/25/2016,21.8991,16689,21.95,21.95,21.6501
02/24/2016,21.8,19341,21.6199,21.8,21.3801
02/23/2016,21.931,22136,22.02,22.07,21.8201
02/22/2016,22.0037,14277,21.89,22.1,21.89
02/19/2016,21.8783,20369,21.75,21.9299,21.75
02/18/2016,21.8264,15752,21.75,21.87,21.75
02/17/2016,21.8922,15280,21.7556,21.919,21.711
02/16/2016,21.55,9343,21.62,21.62,21.436
02/12/2016,21.1,19523,21,21.1,20.935
02/11/2016,20.79,20911,20.7,20.889,20.5401
02/10/2016,20.99,23595,20.95,21.19,20.95
02/09/2016,20.8,11408,20.53,20.98,20.53
02/08/2016,20.71,52832,20.73,20.77,20.5
02/05/2016,20.94,27864,21.46,21.46,20.92
02/04/2016,21.56,13919,21.6,21.6,21.37
02/03/2016,21.52,17765,21.6234,21.6234,21.36
02/02/2016,21.555,23306,21.77,21.77,21.555
02/01/2016,21.74,43561,21.68,21.8099,21.56
01/29/2016,21.69,41100,21.6,21.815,21.52
01/28/2016,21.5,28446,21.89,21.89,21.27
01/27/2016,21.315,17551,21.364,21.5,21.285
01/26/2016,21.54,19778,21.39,21.55,21.3799
01/25/2016,21.4415,12957,21.45,21.535,21.43
01/22/2016,21.46,4915,21.5,21.56,21.37
01/21/2016,21.29,15440,21.45,21.45,21
01/20/2016,21.25,34269,21,21.255,20.68
01/19/2016,21.42,19796,21.34,21.56,21.34
01/15/2016,21.65,71020,21.7,21.71,21
01/14/2016,22.1004,23714,21.61,22.1799,21.34
01/13/2016,21.6699,37870,23.39,23.39,21.6
01/12/2016,22.4,20497,22.3,22.45,22.004
01/11/2016,22.0957,46847,22.38,22.38,21.63
01/08/2016,22.19,7741,22.18,22.3204,22.15
01/07/2016,22.13,72330,22.63,22.64,22
01/06/2016,22.93,21487,22.97,22.99,22.75
01/05/2016,23.09,14843,23.15,23.15,22.94
01/04/2016,23.12,33122,23.31,23.31,22.79
12/31/2015,23.408,33243,23.39,23.522,23.265
12/30/2015,23.47,36940,23.58,23.59,23.32
12/29/2015,23.57,42539,23.44,23.7,23.3028
12/28/2015,23.39,32163,23.44,23.55,23.185
12/24/2015,23.34,2938,23.38,23.43,23.3001
12/23/2015,23.31,10625,23.39,23.39,23.2287
12/22/2015,23.4253,12443,23.4247,23.44,23.3372
12/21/2015,23.385,18811,23.72,23.72,23.08
12/18/2015,23.25,64265,23.54,23.96,23.25
12/17/2015,23.55,32565,23.87,23.87,23.55
12/16/2015,23.5848,12020,23.76,23.76,23.42
12/15/2015,23.3839,18777,23.28,23.57,23.28
12/14/2015,23.2099,25721,23.19,23.21,22.81
12/11/2015,23.09,34600,23.48,23.48,23.0701
12/10/2015,23.5,18703,23.55,23.6,23.421
12/09/2015,23.43,23072,23.36,23.66,23.36
12/08/2015,23.6681,19818,23.75,24.1998,23.62
12/07/2015,23.6442,30541,23.92,23.92,23.62
12/04/2015,23.74,21844,23.56,23.75,23.49
12/03/2015,23.38,36609,23.77,23.77,23.33
12/02/2015,23.6239,42392,23.91,23.91,23.61
12/01/2015,23.6999,47318,23.81,23.81,23.61
11/30/2015,23.57,17244,23.82,23.82,23.5
11/27/2015,23.6,600,23.56,23.61,23.56
11/25/2015,23.56,8480,23.55,23.5799,23.549
11/24/2015,23.76,8555,23.801,23.801,23.5864
11/23/2015,23.69,7872,23.75,23.763,23.6678
11/20/2015,23.55,91163,23.67,23.75,23.55
11/19/2015,23.63,9655,23.81,23.81,23.62
11/18/2015,23.6301,23616,23.555,23.69,23.555
11/17/2015,23.567,14424,23.72,23.72,23.567
11/16/2015,23.63,6770,23.55,23.63,23.4649
11/13/2015,23.5347,20780,23.57,23.5797,23.5
11/12/2015,23.57,25869,23.79,23.79,23.57
11/11/2015,23.62,6890,23.5701,23.64,23.57
11/10/2015,23.5901,18241,23.6,23.61,23.58
11/09/2015,23.6,11475,23.74,23.74,23.56
11/06/2015,23.73,11230,23.66,23.73,23.6148
11/05/2015,23.72,4445,23.6399,23.72,23.57
11/04/2015,23.6095,2165,23.6176,23.62,23.56
11/03/2015,23.63,7527,23.65,23.65,23.6007
11/02/2015,23.65,16551,23.7,23.7,23.57
10/30/2015,23.59,8928,23.7,23.7,23.55
10/29/2015,23.54,5752,23.511,23.5776,23.4944
10/28/2015,23.45,13976,23.74,23.74,23.45
10/27/2015,23.5351,23582,23.24,23.5351,23.24
10/26/2015,23.53,12910,23.73,23.73,23.405
10/23/2015,23.6126,12442,23.68,23.68,23.51
10/22/2015,23.3201,7963,23.32,23.39,23.26
10/21/2015,23.1599,8942,23.21,23.27,23.138
10/20/2015,23.41,2818,23.46,23.47,23.33
10/19/2015,23.45,2708,23.61,23.61,23.38
10/16/2015,23.38,14058,23.37,23.41,23.27
10/15/2015,23.39,16129,23.3,23.39,23.1741
10/14/2015,23.0856,3741,23.008,23.1555,23.008
10/13/2015,23.13,5581,23.21,23.21,23.11
10/12/2015,23.19,12524,23.12,23.21,23.12
10/09/2015,23.11,6007,23.079,23.11,22.98
10/08/2015,23.07,5526,22.83,23.07,22.7801
10/07/2015,22.9,6000,22.934,23,22.9
10/06/2015,22.84,8133,22.8006,22.85,22.6771
10/05/2015,22.91,801,22.8945,22.91,22.8945
10/02/2015,22.6079,4469,22.02,22.6079,22.02
10/01/2015,22.2799,1442,22.089,22.2799,22.0326
09/30/2015,22.23,3363,22.0637,22.23,21.9601
09/29/2015,21.77,11442,21.9,22.0199,21.57
09/28/2015,21.92,19572,22.2745,22.2745,21.8648
09/25/2015,22.4,4267,22.62,22.62,22.31
09/24/2015,22.49,9007,22.52,22.53,22.32
09/23/2015,22.68,13027,22.71,22.73,22.57
09/22/2015,22.9,9391,22.52,22.9,22.52
09/21/2015,23,10102,23.1799,23.1799,22.95
09/18/2015,22.97,42482,22.86,23.262,22.68
09/17/2015,22.85,8873,22.73,22.85,22.73
09/16/2015,22.75,12021,22.67,22.95,22.62
09/15/2015,22.78,14582,22.61,22.78,22.5899
09/14/2015,22.54,7359,22.74,22.74,22.45
09/11/2015,22.5299,570,22.38,22.5299,22.38
09/10/2015,22.4499,2968,22.34,22.49,22.295
09/09/2015,22.2754,864,22.5299,22.5299,22.2754
09/08/2015,22.2826,8035,22.53,22.53,22.2201
09/04/2015,21.97,4691,21.942,22.02,21.8791
09/03/2015,22.08,5361,22.33,22.33,22.08
09/02/2015,21.99,3823,21.9499,22.0399,21.8399
09/01/2015,21.7809,3718,21.8,22,21.7809
08/31/2015,22,2727,21.9701,22.19,21.95
08/28/2015,22.0391,2590,22.09,22.13,21.9901
08/27/2015,21.8125,4293,21.8716,22,21.8
08/26/2015,21.5,7781,21.457,21.5,21.04
08/25/2015,21.36,16383,22.12,22.8299,21.36
08/24/2015,21.6399,42528,22,22,17.96
08/21/2015,22.178,70408,22.78,22.78,22.01
08/20/2015,22.92,12330,23.41,23.41,22.92
08/19/2015,23.57,10654,23.77,23.77,23.45
08/18/2015,23.69,8039,23.92,23.92,23.6733
08/17/2015,23.82,2667,23.5,23.82,23.5
08/14/2015,23.5601,7652,23.59,23.6,23.51
08/13/2015,23.6,26278,23.74,23.75,23.57
08/12/2015,23.57,10509,23.25,23.62,23.1101
08/11/2015,23.502,1764,23.6127,23.6127,23.4601
08/10/2015,23.79,6022,23.49,24.1,23.49
08/07/2015,23.5,1591,23.5164,23.5164,23.5
08/06/2015,23.62,23586,23.75,23.75,23.5
08/05/2015,23.9,15336,23.73,23.98,23.73
08/04/2015,23.75,7864,23.78,23.79,23.69
08/03/2015,23.69,7691,23.78,23.88,23.6401
07/31/2015,23.827,67257,23.838,23.86,23.8
07/30/2015,23.77,3939,23.69,23.8399,23.61
07/29/2015,23.76,7415,23.688,23.76,23.6203
07/28/2015,23.62,23605,23.4316,23.65,23.4316
07/27/2015,23.39,9956,23.66,23.66,23.38
07/24/2015,23.63,17994,23.76,24.91,23.63
07/23/2015,23.74,3446,23.8398,23.8799,23.7353
07/22/2015,23.8392,14336,23.87,23.87,23.8
07/21/2015,24.0316,3086,24.15,24.15,24.0315
07/20/2015,24.15,1683,24.1212,24.19,24.1212
07/17/2015,24.09,7378,23.95,24.356,23.95
07/16/2015,23.96,13160,24.05,24.18,23.93
07/15/2015,24.08,2945,23.79,24.08,23.79
07/14/2015,23.79,20294,23.93,23.94,23.78
07/13/2015,23.95,19599,23.88,23.95,23.5544
07/10/2015,23.38,4179,23.28,23.46,23.22
07/09/2015,23.15,17395,23.16,23.23,23.07
07/08/2015,22.95,163453,23.1,23.3,22.91
07/07/2015,23.32,110486,23.32,23.32,22.982
07/06/2015,23.368,1369,23.4,23.4337,23.368
07/02/2015,23.45,6106,23.53,23.53,23.3801
07/01/2015,23.3,8064,23.4,23.4,23.27
06/30/2015,23.22,8891,23.23,23.33,23.22
06/29/2015,23.28,9475,23.59,23.59,23.26
06/26/2015,23.684,5677,23.7,23.75,23.59
06/25/2015,23.7472,5650,23.89,23.89,23.7472
06/24/2015,23.7999,10288,23.89,23.89,23.75
06/23/2015,23.9289,8082,23.98,24.0086,23.82
06/22/2015,23.91,5500,23.85,23.94,23.85
06/19/2015,23.8,15259,23.9599,23.9599,23.8
06/18/2015,23.99,22093,23.82,23.99,23.82
06/17/2015,23.73,13373,23.69,23.79,23.6305
06/16/2015,23.66,8799,23.59,23.68,23.5
06/15/2015,23.54,5597,23.6,23.6,23.4489
06/12/2015,23.6399,4828,23.7,23.7,23.624
06/11/2015,23.72,6064,23.79,23.79,23.7022
06/10/2015,23.67,4939,23.41,23.704,23.41
06/09/2015,23.43,5290,23.3999,23.4899,23.37
06/08/2015,23.492,3087,23.5088,23.5088,23.445
06/05/2015,23.55,4964,23.63,23.65,23.55
06/04/2015,23.64,3277,23.7,23.719,23.555
06/03/2015,23.71,14157,23.79,23.79,23.7
06/02/2015,23.56,9138,23.6,23.6,23.55
06/01/2015,23.65,11813,23.6,23.65,23.54
05/29/2015,23.64,14252,23.56,23.648,23.549
05/28/2015,23.6,4498,23.58,23.6199,23.58
05/27/2015,23.59,11623,23.5,23.6,23.5
05/26/2015,23.46,5623,23.5,23.5499,23.4043
05/22/2015,23.55,7610,23.55,23.58,23.54
05/21/2015,23.52,3924,23.5,23.6,23.5
05/20/2015,23.49,10198,23.64,23.64,23.49
05/19/2015,23.71,5729,23.89,23.89,23.67
05/18/2015,23.8364,5447,23.7,23.8999,23.662
05/15/2015,23.73,1821,23.72,23.73,23.7
05/14/2015,23.78,4738,23.79,23.79,23.74
05/13/2015,23.79,2238,23.83,23.83,23.7761
05/12/2015,23.6028,2763,23.74,23.74,23.5985
05/11/2015,23.766,1698,23.72,23.766,23.6642
05/08/2015,23.72,2721,23.76,23.76,23.72
05/07/2015,23.62,3866,23.55,23.64,23.49
05/06/2015,23.45,3118,23.66,23.66,23.44
05/05/2015,23.63,6792,23.67,23.67,23.54
05/04/2015,23.748,1458,23.55,23.78,23.55
05/01/2015,23.67,1037,23.67,23.67,23.655
04/30/2015,23.57,6452,23.7,23.73,23.5513
04/29/2015,23.6514,3852,23.744,23.744,23.61
04/28/2015,23.7117,3451,23.67,23.74,23.67
04/27/2015,23.729,730,23.7599,23.7599,23.6761
04/24/2015,23.669,2887,23.675,23.69,23.669
04/23/2015,23.63,1420,23.564,23.64,23.564
04/22/2015,23.58,1438,23.65,23.65,23.57
04/21/2015,23.84,7445,23.7,23.84,23.7
04/20/2015,23.7756,2810,23.6,23.7756,23.6
04/17/2015,23.3301,27127,24.02,24.02,23.27
04/16/2015,23.9,4122,23.97,23.97,23.73
04/15/2015,23.9,2577,23.814,23.9,23.7704
04/14/2015,23.69,5683,23.78,23.78,23.548
04/13/2015,23.78,7610,23.83,23.983,23.78
04/10/2015,23.772,1157,23.75,23.8599,23.75
04/09/2015,23.77,5005,23.8099,23.8099,23.511
04/08/2015,23.5235,1213,23.669,23.7146,23.5235
04/07/2015,23.5408,2161,23.5,23.649,23.48
04/06/2015,23.5635,3717,23.36,23.62,23.3485
04/02/2015,23.3808,6668,23.31,23.3808,23.18
04/01/2015,23.16,2938,23.15,23.16,23.073
03/31/2015,23.48,10438,23.55,23.57,23.4499
03/30/2015,23.5732,1366,23.36,23.58,23.36
03/27/2015,23.35,4416,23.3999,23.4299,23.25
03/26/2015,23.38,5395,23.29,23.38,23.13
03/25/2015,23.3866,12341,23.73,23.73,23.3866
03/24/2015,23.91,1845,23.929,23.9493,23.88
03/23/2015,23.95,4140,24.05,24.28,23.95
03/20/2015,24.05,4815,24,24.05,23.95
03/19/2015,23.91,7023,23.846,23.91,23.8101
03/18/2015,23.73,2886,23.59,23.8699,23.5377
03/17/2015,23.601,6604,23.67,23.68,23.559
03/16/2015,23.6265,3046,23.353,23.6299,23.353
03/13/2015,23.39,29596,23.48,23.51,23.16
03/12/2015,23.38,9065,23.37,23.43,23.3699
03/11/2015,23.25,6257,23.4,23.4,23.25
03/10/2015,23.42,26806,23.55,23.62,23.42
03/09/2015,23.58,1392,23.67,23.67,23.58
03/06/2015,23.589,12811,23.85,23.85,23.589
03/05/2015,23.78,9942,23.74,23.79,23.66
03/04/2015,23.6501,11256,23.85,23.85,23.6301
03/03/2015,23.777,12006,23.7943,23.7943,23.73
03/02/2015,23.829,18740,23.64,23.83,23.64
02/27/2015,23.7099,2912,23.83,23.85,23.6901
02/26/2015,23.7699,1644,23.7607,23.77,23.7607
02/25/2015,23.6888,3484,23.87,23.87,23.6888
02/24/2015,23.8001,7395,23.801,23.89,23.7655
02/23/2015,23.8,9962,23.86,23.91,23.78
02/20/2015,23.78,8421,23.709,23.78,23.688
02/19/2015,23.7101,4185,23.76,23.77,23.68
02/18/2015,23.72,3832,23.76,23.76,23.72
02/17/2015,23.76,10789,23.7599,23.76,23.7315
02/13/2015,23.78,7600,23.7801,23.8,23.7
02/12/2015,23.7699,2192,23.77,23.77,23.718
02/11/2015,23.77,54250,23.75,23.78,23.7
02/10/2015,23.73,8385,23.6729,23.73,23.5701
02/09/2015,23.6299,13455,23.5298,23.65,23.5298
02/06/2015,23.5798,1775,23.63,23.63,23.5798
02/05/2015,23.61,6126,23.5972,23.62,23.5972
02/04/2015,23.5878,4200,23.62,23.62,23.5478
02/03/2015,23.52,7538,23.45,23.52,23.45
02/02/2015,23.349,2103,23.34,23.349,23.26
01/30/2015,23.3399,1161,23.3906,23.3906,23.3399
01/29/2015,23.409,2660,23.17,23.42,23.17
01/28/2015,23.27,1801,23.5,23.5,23.27
01/27/2015,23.3736,2558,23.55,23.55,23.3698
01/26/2015,23.55,3513,23.51,23.55,23.5
01/23/2015,23.54,1927,23.4965,23.5499,23.4965
01/22/2015,23.53,4878,23.405,23.53,23.405
01/21/2015,23.311,2711,23.36,23.3799,23.311
01/20/2015,23.571,7842,23.55,23.6,23.46
01/16/2015,23.47,6268,23.3,23.47,23.18
01/15/2015,23.4896,1552,23.52,23.52,23.479
01/14/2015,23.529,10874,23.56,23.56,23.41
01/13/2015,23.588,1785,24.03,24.0599,23.588
01/12/2015,23.6136,3261,23.7073,23.74,23.6136
01/09/2015,23.86,3220,23.947,23.98,23.7912
01/08/2015,23.9951,113,23.9951,23.9951,23.9951
01/07/2015,23.55,278,23.509,23.55,23.509
01/06/2015,23.4348,1957,23.56,23.56,23.25
01/05/2015,23.61,1875,23.88,23.88,23.61
01/02/2015,23.8099,3320,24.04,24.04,23.779
12/31/2014,24.01,1164,24.13,24.13,24.01
12/30/2014,23.97,8289,24,24.08,23.94
12/29/2014,24.08,2229,24.13,24.13,24.07
12/26/2014,24.09,14032,24.09,24.09,24.08
12/24/2014,23.99,4089,23.9608,24.02,23.9376
12/23/2014,24.11,6085,24.1,24.12,24.1
12/22/2014,24.04,36099,24.109,24.109,24.03
12/19/2014,24.17,5686,23.98,24.17,23.97
12/18/2014,23.9399,12807,23.65,23.9399,23.58
12/17/2014,23.3942,1719,23.07,23.3942,23.07
12/16/2014,23.44,11958,23.329,23.48,23.15
12/15/2014,23.4,6529,23.63,23.63,23.3701
12/12/2014,23.739,N/A,23.739,23.739,23.739
12/11/2014,23.739,375,23.739,23.739,23.739
12/10/2014,23.65,5280,23.759,23.76,23.649
12/09/2014,23.86,3687,23.72,23.86,23.6472
12/08/2014,23.78,6332,23.889,23.89,23.78
12/05/2014,23.869,4390,23.879,23.889,23.85
12/04/2014,23.839,7154,23.8122,23.8799,23.8122
12/03/2014,23.829,3714,23.81,23.85,23.78
12/02/2014,23.8,4329,23.7,23.82,23.7
12/01/2014,23.7104,3989,23.8,23.8,23.7104
11/28/2014,23.82,1478,23.77,23.852,23.77
11/26/2014,23.8336,5288,23.8,23.84,23.76
11/25/2014,23.93,22765,23.9608,23.9608,23.93
11/24/2014,23.84,7317,23.8499,23.9499,23.84
11/21/2014,23.81,34135,24.08,24.28,23.81
11/20/2014,24.1,70809,24.1,24.187,24.1
11/19/2014,24.1,2735,24.15,24.16,24.1
11/18/2014,24.15,2848,24.149,24.15,24.1489
11/17/2014,24.13,536,24.14,24.14,24.12
11/14/2014,24.1399,3155,24.1399,24.1399,24.1357
11/13/2014,24.14,210,24.14,24.14,24.14
11/12/2014,24.1489,1314,24.1,24.149,24.07
11/11/2014,24.14,1911,24.19,24.19,24.1399
11/10/2014,24.13,4149,24.15,24.15,24
11/07/2014,24.044,4556,24.11,24.11,24.044
11/06/2014,24.13,2136,24.12,24.13,24.119
11/05/2014,24.1,1026,24.1,24.1,24.1
11/04/2014,24.09,2270,24.16,24.16,24.074
11/03/2014,24.12,2428,24.061,24.12,24.06
10/31/2014,24.07,3217,24.08,24.08,24.047
10/30/2014,24.01,4807,24.06,24.06,24
10/29/2014,24.01,1768,24.03,24.05,24.01
10/28/2014,24.03,3318,24.02,24.05,24
10/27/2014,24,2198,23.99,24,23.978
10/24/2014,23.97,1106,23.949,23.97,23.949
10/23/2014,23.9,6475,23.91,23.96,23.9
10/22/2014,23.8299,3137,23.96,23.96,23.78
10/21/2014,24.1299,2860,24,24.1399,24
10/20/2014,23.75,2318,23.6455,23.7754,23.6455
10/17/2014,23.6555,14601,23.43,23.81,23.4
10/16/2014,23.256,16656,23.18,23.39,23
10/15/2014,23.2838,2118,23.37,23.37,23.0699
10/14/2014,23.6658,10602,23.56,23.78,23.03
10/13/2014,23.938,3893,23.96,23.96,23.5761
10/10/2014,24.1476,4670,24.45,24.45,24.1476
10/09/2014,24.53,1430,24.76,24.8,24.53
10/08/2014,24.8413,1950,24.5,24.8413,24.35
10/07/2014,24.5,7915,24.64,24.7,24.4
10/06/2014,24.777,3551,24.94,24.94,24.75
10/03/2014,24.83,2087,24.69,24.83,24.69
10/02/2014,24.62,4964,24.65,24.65,24.44
10/01/2014,24.748,1800,24.66,24.7748,24.66
09/30/2014,24.812,800,24.91,24.91,24.812
09/29/2014,24.73,788,24.79,24.79,24.73
09/26/2014,24.78,1190,24.899,24.899,24.78
09/25/2014,24.68,25728,25,25,24.64
09/24/2014,25.0073,12061,24.84,25.0073,24.84
09/23/2014,25.033,730,25.11,25.14,25.033
09/22/2014,25.1,5558,25.3,25.3,25.01
09/19/2014,25.31,31225,25.37,25.37,25.24
09/18/2014,25.4,5600,25.4,25.4,25.3808
09/17/2014,25.4,5043,25.3502,25.43,25.3502
09/16/2014,25.3599,1895,25.34,25.36,25.3399
09/15/2014,25.34,N/A,25.34,25.34,25.34
09/12/2014,25.34,6233,25.36,25.36,25.3276
09/11/2014,25.357,3908,25.42,25.42,25.3388
09/10/2014,25.323,1366,25.3299,25.3299,25.3199
09/09/2014,25.33,581,25.42,25.42,25.33
09/08/2014,25.3599,6058,25.26,25.363,25.26
09/05/2014,25.3436,1848,25.3,25.35,25.2939
09/04/2014,25.31,5204,25.37,25.37,25.3
09/03/2014,25.34,1351,25.33,25.34,25.33
09/02/2014,25.277,2540,25.45,25.5,25.277
08/29/2014,25.309,978,25.37,25.37,25.309
08/28/2014,25.3,4464,25.29,25.3,25.29
08/27/2014,25.274,3197,25.14,25.3,25.14
08/26/2014,25.2899,1693,25.3,25.3,25.2899
08/25/2014,25.28,702,25.25,25.28,25.25
08/22/2014,25.25,2998,25.25,25.25,25.218
08/21/2014,25.25,54502,25.22,25.27,25.22
08/20/2014,25.17,79676,25.31,25.34,25.1
08/19/2014,25.364,11560,25.359,25.4,25.35
08/18/2014,25.4099,21228,25.33,25.41,25.31
08/15/2014,25.24,3492,25.38,25.39,25.2
08/14/2014,25.44,7445,25.3281,25.45,25.3281
08/13/2014,25.4099,1463,25.29,25.4299,25.29
08/12/2014,25.18,790,25.18,25.18,25.18
08/11/2014,25.2299,930,25.249,25.249,25.2299
08/08/2014,25.05,240,25.05,25.05,25.05
08/07/2014,25.0299,300,25.0299,25.0299,25.0299
08/06/2014,25.01,1500,25.03,25.03,25.0099
08/05/2014,25.05,N/A,25.05,25.05,25.05
08/04/2014,25.05,200,25.05,25.05,25.05
08/01/2014,24.94,7041,25,25.01,24.94
07/31/2014,24.9748,2473,25.07,25.07,24.9748
07/30/2014,25.2185,319,25.2185,25.2185,25.2185
07/29/2014,25.23,2101,25.25,25.25,25.23
07/28/2014,25.22,4780,25.22,25.22,25.19
07/25/2014,25.17,190,25.17,25.17,25.17
07/24/2014,25.25,1100,25.2301,25.25,25.23
07/23/2014,25.2799,200,25.28,25.28,25.2799
07/22/2014,25.4299,25022,25.46,25.46,25.4
07/21/2014,25.37,879,25.62,25.62,25.37
07/18/2014,25.32,5460,25.25,25.32,25.153
07/17/2014,25.19,1750,25.13,25.19,25.13
07/16/2014,25.23,1098,25.22,25.23,25.22
07/15/2014,25.19,46515,25.15,25.21,25.15
07/14/2014,25.24,2714,25.24,25.24,25.14
07/11/2014,25.23,52774,25.21,25.23,25.2015
07/10/2014,25.21,2900,25.15,25.22,25.149
07/09/2014,25.194,103193,25.18,25.194,25.09
07/08/2014,25.17,19471,25.2,25.2,25.15
07/07/2014,25.38,28368,25.25,25.39,25.1622
07/03/2014,25.55,1710,25.4,25.56,25.4
07/02/2014,25.1903,1242,25.2199,25.22,25.1903
07/01/2014,25.212,2092,25.7299,25.7299,25.17
06/30/2014,25.16,390,25.1,25.16,25.1
06/27/2014,25.0999,1025,25.21,25.21,24.9515
06/26/2014,25.1,7613,24.98,25.1,24.98
06/25/2014,25.02,20900,25.11,25.14,24.9
06/24/2014,25.16,1675,25.25,25.25,25.16
06/23/2014,25.15,2200,25.15,25.15,25.15
06/20/2014,25.18,7541,25.41,25.58,25.18
06/19/2014,25.18,1460,25.19,25.19,25.18
06/18/2014,25.19,600,25.2,25.2,25.19
06/17/2014,25.19,1895,25.18,25.19,25.18
06/16/2014,25.19,937,25.179,25.19,25.179
06/13/2014,25.21,936,25.167,25.21,25.167
06/12/2014,25.21,540,25.21,25.21,25.21
06/11/2014,25.1814,1600,25.4,25.4,25.1814
06/10/2014,25.2,3500,25.19,25.2,25.1758
06/09/2014,25.16,1493,25.2,25.22,25.16
06/06/2014,25.1979,2009,25.25,25.25,25.13
06/05/2014,25.1902,3103,25.15,25.209,25.15
06/04/2014,25.15,1600,25.16,25.18,25.15
06/03/2014,25.15,201,25.15,25.15,25.15
06/02/2014,25.15,2411,25.07,25.15,25.07
05/30/2014,25.07,464,25.07,25.0701,25.07
05/29/2014,25.11,364,25.15,25.15,25.11
05/28/2014,25.118,15258,25.1499,25.1499,25.0699
05/27/2014,25.08,925,25.1,25.1,25.08
05/23/2014,25.08,1675,25.05,25.08,25.03
05/22/2014,25.05,670,25.03,25.05,24.999
05/21/2014,25,1531,24.959,25,24.9
05/20/2014,25.24,860,25.16,25.24,25.09
05/19/2014,25.2999,652,24.61,25.34,24.61
05/16/2014,25.0199,730,25.02,25.02,25.0198
05/15/2014,24.98,6148,25.01,25.0101,24.98
05/14/2014,24.9701,1743,25.02,25.02,24.97
05/13/2014,24.96,2403,24.96,24.9601,24.96
05/12/2014,24.9401,234,25.11,25.11,24.9401
05/09/2014,24.77,549,24.77,24.77,24.77
05/08/2014,24.86,1026,24.86,24.8601,24.86
05/07/2014,24.75,225,24.75,24.75,24.75
05/06/2014,24.8199,215,24.82,24.82,24.8199
05/05/2014,24.79,N/A,24.79,24.79,24.79
05/02/2014,24.79,488,24.93,24.93,24.79
05/01/2014,24.96,100,24.96,24.96,24.96
04/30/2014,24.7402,200,24.7401,24.7402,24.7401
04/29/2014,24.77,400,24.703,24.77,24.703
04/28/2014,24.6296,1662,24.66,24.6701,24.47
04/25/2014,24.65,410,24.65,24.65,24.65
04/24/2014,24.76,300,24.73,24.76,24.7
04/23/2014,24.65,1700,24.55,24.7,24.55
04/22/2014,24.99,4700,24.99,25.03,24.92
04/21/2014,24.89,13000,24.88,24.93,24.85
04/17/2014,24.74,200,24.7401,24.7401,24.74
04/16/2014,24.63,6226,24.64,24.64,24.63
04/15/2014,24.42,1140,24.1,24.42,24.1
04/14/2014,24.32,1301,24.35,24.4,24.2695
04/11/2014,24.4701,620,24.44,24.4701,24.31
04/10/2014,24.5799,302,24.58,24.58,24.5799
04/09/2014,25.22,1000,25.2199,25.22,25.2198
04/08/2014,24.85,2710,24.69,24.8599,24.6598
04/07/2014,24.48,7364,24.79,24.8,24.48
04/04/2014,24.939,650,25.349,25.349,24.939
04/03/2014,25.38,2953,25.59,25.59,25.38
04/02/2014,25.549,1200,25.57,25.57,25.5
04/01/2014,25.38,702,25.38,25.38,25.37
03/31/2014,25.19,300,25.1899,25.19,25.1899
03/28/2014,25.1,202,25.1,25.1,25.1
03/27/2014,25,900,25,25,25
03/26/2014,25.0899,700,25.36,25.36,25.0899
03/25/2014,25.4899,425,25.49,25.49,25.4899
03/24/2014,25.5,425,25.5246,25.5246,25.5
03/21/2014,25.72,119700,25.94,26,25.7
03/20/2014,25.88,1000,25.8801,25.8801,25.88
03/19/2014,25.87,2210,25.82,25.87,25.8199
03/18/2014,25.95,1200,25.75,25.95,25.75
03/17/2014,25.7499,1001,25.75,25.75,25.7499
03/14/2014,25.562,110,25.562,25.562,25.562
03/13/2014,25.6,2616,25.82,25.8201,25.6
03/12/2014,25.8109,1130,25.84,25.84,25.8109
03/11/2014,25.77,975,25.8499,25.8499,25.77
03/10/2014,25.78,322,25.78,25.78,25.77
03/07/2014,25.92,110,25.92,25.92,25.92
03/06/2014,25.83,5084,25.8699,25.8699,25.8
03/05/2014,25.78,500,25.75,25.791,25.75
03/04/2014,25.76,1958,25.75,25.8,25.75
03/03/2014,25.57,300,25.5699,25.57,25.5699
02/28/2014,25.8,660,25.799,25.8,25.799
02/27/2014,25.669,200,25.669,25.669,25.669
02/26/2014,25.5401,500,25.6199,25.62,25.5401
02/25/2014,25.7699,200,25.77,25.77,25.7699
02/24/2014,25.818,1566,25.82,25.82,25.818
02/21/2014,25.825,2000,25.82,25.83,25.82
02/20/2014,25.8,1040,25.8,25.8002,25.8
02/19/2014,25.82,1100,25.8199,25.82,25.8199
02/18/2014,25.75,500,25.75,25.75,25.75
02/14/2014,25.78,1470,25.77,25.78,25.75
02/13/2014,25.71,800,25.72,25.72,25.71
02/12/2014,25.72,100,25.72,25.72,25.72
02/11/2014,25.7,550,25.47,25.7,25.47
02/10/2014,25.46,1553,25.43,25.46,25.43
02/07/2014,25.217,109,25.217,25.217,25.217
02/06/2014,25.05,9519,24.8,25.1,24.8
02/05/2014,24.75,1100,24.8,24.8,24.57
02/04/2014,24.8063,116,24.8063,24.8063,24.8063
02/03/2014,24.59,1216,24.93,24.93,24.59
01/31/2014,25.13,200,25.119,25.13,25.119
01/30/2014,25.18,1340,25.005,25.21,25.005
01/29/2014,24.86,8400,24.86,24.87,24.86
01/28/2014,24.926,600,24.96,24.96,24.88
01/27/2014,25.07,4100,25.12,25.1201,24.85
01/24/2014,25.3,383,25.3,25.3,25.3
01/23/2014,25.425,1200,25.53,25.53,25.425
01/22/2014,25.53,1055,25.529,25.54,25.529
01/21/2014,25.719,2230,25.74,25.74,25.66
01/17/2014,25.71,5615,25.67,25.77,25.65
01/16/2014,25.7,2910,25.69,25.7,25.6413
01/15/2014,25.67,6503,25.75,25.75,25.6394
01/14/2014,25.61,5062,25.57,25.61,25.564
01/13/2014,25.44,2300,25.58,25.58,25.44
01/10/2014,25.49,1260,25.4804,25.5,25.48
01/09/2014,25.4714,100,25.4714,25.4714,25.4714
01/08/2014,25.57,1660,25.58,25.58,25.57
01/07/2014,25.52,100,25.52,25.52,25.52
01/06/2014,25.39,550,25.39,25.39,25.39
01/03/2014,25.42,340,25.42,25.42,25.42
01/02/2014,25.44,250,25.44,25.44,25.44
12/31/2013,25.54,250,25.54,25.54,25.54
12/30/2013,25.47,1960,25.47,25.49,25.46
12/27/2013,25.499,900,25.51,25.51,25.499
12/26/2013,25.461,1475,25.51,25.51,25.43
12/24/2013,25.48,700,25.52,25.61,25.48
12/23/2013,25.5,5700,25.49,25.5,25.49
12/20/2013,25.36,6648,25.14,25.37,25.14
12/19/2013,25.06,1302,25.13,25.13,25.06
12/18/2013,25.03,5016,25.04,25.04,25.03
12/17/2013,25.07,13185,25.07,25.07,25.035
12/16/2013,25.05,1600,25.1,25.1,25.04
12/13/2013,25.02,1665,25.03,25.03,24.99
12/12/2013,25.04,3265,25.05,25.05,25.0075
