date,qdii_close,index_close,fx_close,theoretical_nav,premium,premium_pct
2023-03-23,1.0,3948.719970703125,6.879199981689453,0.9814488482435365,0.018901801952963426,1.8901801952963426
2023-03-30,1.0074000358581543,4050.830078125,6.885600090026856,1.007764882329812,-0.00036203531007572565,-0.036203531007572565
2023-03-31,1.0216000080108645,4109.31005859375,6.870399951934815,1.0200567396383198,0.0015129240488052087,0.15129240488052087
2023-04-03,1.0262999534606934,4124.509765625,6.868000030517578,1.0234721356576841,0.0027629651111038545,0.27629651111038545
2023-04-04,1.024999976158142,4100.60009765625,6.877299785614014,1.0189169157633182,0.005970124060867832,0.5970124060867832
2023-04-06,1.0130000114440918,4105.02001953125,6.878499984741211,1.020193186748976,-0.0070507972394978635,-0.7050797239497864
2023-04-07,1.0180000066757202,4105.02001953125,6.874899864196777,1.019659230441779,-0.001627233605623335,-0.1627233605623335
2023-04-10,1.0199999809265137,4109.10986328125,6.86929988861084,1.0198437252249972,0.00015321533844026014,0.015321533844026014
2023-04-11,1.0219999551773071,4108.93994140625,6.881100177764893,1.0215533978195699,0.0004371356002441651,0.04371356002441651
2023-04-12,1.0210000276565552,4091.949951171875,6.885499954223633,1.01797987352911,0.002966811236625899,0.2966811236625899
2023-04-13,1.0169999599456787,4146.22021484375,6.873700141906738,1.0297133563477043,-0.012346539280716717,-1.2346539280716717
2023-04-14,1.02400004863739,4137.64013671875,6.867800235748291,1.0267004894949152,-0.0026302128859934104,-0.26302128859934104
2023-04-17,1.0269999504089355,4151.31982421875,6.870399951934815,1.0304848514004856,-0.0033818071045041975,-0.33818071045041975
2023-04-18,1.0329999923706057,4154.8701171875,6.878799915313721,1.0326271230910524,0.000361088016395561,0.0361088016395561
2023-04-19,1.031000018119812,4154.52001953125,6.874899864196777,1.0319546959125252,-0.0009251159924893448,-0.09251159924893448
2023-04-20,1.0299999713897705,4129.7900390625,6.8850998878479,1.0273338934803522,0.0025951425591403954,0.25951425591403954
2023-04-21,1.0269999504089355,4133.52001953125,6.872099876403809,1.0263202710026118,0.0006622488374508073,0.06622488374508073
2023-04-24,1.024999976158142,4137.0400390625,6.892499923706055,1.03024352284329,-0.005089618686149766,-0.5089618686149766
2023-04-25,1.0299999713897705,4071.6298828125,6.894899845123291,1.014307539918977,0.015471078399010185,1.5471078399010185
2023-04-26,1.0230000019073486,4055.989990234375,6.931600093841553,1.0157896236660433,0.00709829877497925,0.709829877497925
2023-04-27,1.0160000324249268,4135.35009765625,6.92579984664917,1.0347980885921562,-0.018165916978841956,-1.8165916978841956
2023-04-28,1.0290000438690186,4169.47998046875,6.922299861907959,1.042811231132966,-0.01324418730026744,-1.324418730026744
2023-05-04,1.0199999809265137,4061.219970703125,6.910600185394287,1.0140180350613022,0.005899249972264986,0.5899249972264986
2023-05-05,1.0169999599456787,4136.25,6.905700206756592,1.0320194908970721,-0.014553534195694162,-1.4553534195694162
2023-05-08,1.031999945640564,4138.1201171875,6.9095001220703125,1.0330542300055734,-0.0010205508427216792,-0.10205508427216792
2023-05-09,1.0329999923706057,4119.169921875,6.911499977111816,1.02862107285534,0.00425707739304837,0.42570773930483696
2023-05-10,1.0299999713897705,4137.64013671875,6.919400215148926,1.0344144185973954,-0.00426758089239565,-0.42675808923956504
2023-05-11,1.0360000133514404,4130.6201171875,6.932199954986572,1.0345696544665042,0.0013825641209956885,0.13825641209956885
2023-05-12,1.0369999408721924,4124.080078125,6.947700023651123,1.0352411991126185,0.0016988714910897151,0.1698871491089715
2023-05-15,1.037999987602234,4136.27978515625,6.957300186157227,1.0397383154318571,-0.0016718897474707894,-0.16718897474707894
2023-05-16,1.037999987602234,4109.89990234375,6.951600074768066,1.0322607696323165,0.0055598528383111745,0.5559852838311174
2023-05-17,1.0390000343322754,4158.77001953125,6.976600170135498,1.0482916763666503,-0.008863603750608351,-0.8863603750608351
2023-05-18,1.0520000457763672,4198.0498046875,6.997099876403809,1.0613021851825752,-0.008764835817809846,-0.8764835817809846
2023-05-19,1.0679999589920044,4191.97998046875,7.035099983215332,1.065523107959658,0.0023245399502307418,0.23245399502307418
2023-05-22,1.062999963760376,4192.6298828125,7.006899833679199,1.0614164968408573,0.0014918431400223753,0.14918431400223753
2023-05-23,1.0679999589920044,4145.580078125,7.030900001525879,1.0531000380650428,0.014148628229411653,1.4148628229411653
2023-05-24,1.055999994277954,4115.240234375,7.056399822235107,1.0491842731390346,0.006496209782603346,0.6496209782603346
2023-05-25,1.059999942779541,4151.27978515625,7.059800148010254,1.0588825964319404,0.001055212684924367,0.1055212684924367
2023-05-26,1.059999942779541,4205.4501953125,7.077400207519531,1.0753742851562138,-0.01429673611215232,-1.429673611215232
2023-05-29,1.0789999961853027,4205.4501953125,7.054800033569336,1.0719403058426977,0.0065858987707856365,0.6585898770785636
2023-05-30,1.0809999704360962,4205.52001953125,7.072299957275391,1.0746171704232226,0.0059396035988890095,0.593960359888901
2023-05-31,1.0750000476837158,4179.830078125,7.078999996185303,1.0690645721501613,0.005552027153623573,0.5552027153623573
2023-06-01,1.0779999494552612,4221.02001953125,7.110799789428711,1.0844493219313844,-0.005947140493976266,-0.5947140493976266
2023-06-02,1.0829999446868896,4282.3701171875,7.0929999351501465,1.0974571048399124,-0.013173325945282977,-1.3173325945282977
2023-06-05,1.10099995136261,4273.7900390625,7.083799839019775,1.093837636595554,0.006547877424795789,0.6547877424795789
2023-06-06,1.0980000495910645,4283.85009765625,7.105000019073486,1.0996937266031983,-0.0015401351950650177,-0.15401351950650177
2023-06-07,1.1039999723434448,4267.52001953125,7.118800163269043,1.0976294921989325,0.005803852930144959,0.5803852930144959
2023-06-08,1.100000023841858,4293.93017578125,7.128799915313721,1.1059737067761541,-0.0054012883829843705,-0.540128838298437
2023-06-09,1.1039999723434448,4298.85986328125,7.111199855804443,1.1045097935734434,-0.00046158144813646107,-0.04615814481364611
2023-06-12,1.1139999628067017,4338.93017578125,7.127600193023682,1.1173761337489154,-0.003021516963035875,-0.3021516963035875
2023-06-13,1.128000020980835,4369.009765625,7.144599914550781,1.1278058116943044,0.0001722009981832695,0.01722009981832695
2023-06-14,1.1299999952316284,4372.58984375,7.166500091552734,1.1321898344394346,-0.0019341625769766502,-0.19341625769766502
2023-06-15,1.1299999952316284,4425.83984375,7.162600040435791,1.1453541500326991,-0.013405595815610738,-1.3405595815610738
2023-06-16,1.1369999647140503,4409.58984375,7.119900226593018,1.134345890716666,0.0023397395971589408,0.23397395971589408
2023-06-19,1.1410000324249268,4409.58984375,7.12559986114502,1.1352539592045505,0.00506148705651932,0.506148705651932
2023-06-20,1.1399999856948853,4388.7099609375,7.160399913787842,1.1353965172372715,0.004054502887515632,0.4054502887515632
2023-06-21,1.1419999599456787,4365.68994140625,7.180799961090088,1.1326588310446386,0.008247080802278983,0.8247080802278983
2023-06-26,1.1399999856948853,4328.81982421875,7.178500175476074,1.1227333516147815,0.015379104980955516,1.5379104980955516
2023-06-27,1.1360000371932983,4378.41015625,7.236499786376953,1.1447704089781903,-0.007661249553716387,-0.7661249553716387
2023-06-28,1.1449999809265137,4376.85986328125,7.218699932098389,1.1415502404123696,0.0030219787023109124,0.30219787023109124
2023-06-29,1.14900004863739,4396.43994140625,7.2434000968933105,1.1505805230702744,-0.0013736321806204765,-0.13736321806204765
2023-06-30,1.1540000438690186,4450.3798828125,7.251800060272217,1.1660476663930661,-0.010332015466669953,-1.0332015466669953
2023-07-03,1.1660000085830688,4455.58984375,7.242400169372559,1.165899514796219,8.619420934175004e-05,0.008619420934175004
2023-07-04,1.1619999408721924,4455.58984375,7.239799976348877,1.165480929283987,-0.0029867399151122243,-0.2986739915112224
2023-07-05,1.159000039100647,4446.81982421875,7.213500022888184,1.1589613936004388,3.334494179152436e-05,0.0033344941791524363
2023-07-06,1.156999945640564,4411.58984375,7.246399879455566,1.155023506991767,0.0017111674670107213,0.17111674670107213
2023-07-07,1.149999976158142,4398.9501953125,7.249199867248535,1.152159267548592,-0.0018741257838807979,-0.1874125783880798
2023-07-10,1.1399999856948853,4409.52978515625,7.211299896240234,1.148892081441481,-0.007739713668701631,-0.7739713668701631
2023-07-11,1.1449999809265137,4439.259765625,7.230599880218506,1.1597337263079461,-0.012704420891800572,-1.2704420891800572
2023-07-12,1.1540000438690186,4472.16015625,7.209199905395508,1.1648709507784845,-0.009332284320594408,-0.9332284320594408
2023-07-13,1.159999966621399,4510.0400390625,7.165299892425537,1.167584088743103,-0.006495568237717575,-0.6495568237717575
2023-07-14,1.159000039100647,4505.419921875,7.150000095367432,1.1638974625555374,-0.004207779132138767,-0.4207779132138767
2023-07-17,1.162999987602234,4522.7900390625,7.1402997970581055,1.166799602370359,-0.0032564416035161248,-0.3256441603516125
2023-07-18,1.1679999828338623,4554.97998046875,7.170599937438965,1.1800906360113599,-0.010245529291176614,-1.0245529291176614
2023-07-19,1.1829999685287476,4565.72021484375,7.179299831390381,1.1843083317934673,-0.001104748847572834,-0.1104748847572834
2023-07-20,1.1779999732971191,4534.8701171875,7.225900173187256,1.1839414052475976,-0.0050183496616844625,-0.5018349661684463
2023-07-21,1.1729999780654907,4536.33984375,7.176499843597412,1.1762283996333962,-0.00274472336232634,-0.274472336232634
2023-07-24,1.1749999523162842,4554.64013671875,7.1778998374938965,1.1812038706794845,-0.005252199486640352,-0.5252199486640352
2023-07-25,1.1729999780654907,4567.4599609375,7.185299873352051,1.1857497601730618,-0.01075250658765492,-1.075250658765492
2023-07-26,1.1779999732971191,4566.75,7.13539981842041,1.1773320021896834,0.0005673600192583894,0.05673600192583894
2023-07-27,1.180999994277954,4537.41015625,7.150000095367432,1.172161587378807,0.007540263214828258,0.7540263214828258
2023-07-28,1.1740000247955322,4582.22998046875,7.173099994659424,1.1875643893635126,-0.011422003463113506,-1.1422003463113506
2023-07-31,1.1779999732971191,4588.9599609375,7.102799892425537,1.1776527393009626,0.0002948526204444857,0.029485262044448568
2023-08-01,1.1829999685287476,4576.72998046875,7.095699787139893,1.1733401229289777,0.008232775314677143,0.8232775314677143
2023-08-02,1.1770000457763672,4513.39013671875,7.176499843597412,1.1702777658398071,0.005744174701752147,0.5744174701752147
2023-08-03,1.1649999618530271,4501.89013671875,7.190400123596191,1.1695568832948728,-0.003896280298062993,-0.3896280298062993
2023-08-04,1.1679999828338623,4478.02978515625,7.162799835205078,1.1588926049543293,0.007858690132803048,0.7858690132803048
2023-08-07,1.1619999408721924,4518.43994140625,7.131199836730957,1.1641917559779966,-0.0018826925156869567,-0.18826925156869567
2023-08-08,1.1660000085830688,4499.3798828125,7.192299842834473,1.1692135655413758,-0.002748477312456532,-0.2748477312456532
2023-08-09,1.1660000085830688,4467.7099609375,7.215700149536133,1.1647610729377107,0.0010636822213103692,0.10636822213103692
2023-08-10,1.1610000133514404,4468.830078125,7.208600044250488,1.163906705731232,-0.002497358564461094,-0.2497358564461094
2023-08-11,1.159999966621399,4464.0498046875,7.214700222015381,1.1636455699259947,-0.0031329155533394992,-0.3132915553339499
2023-08-14,1.1579999923706057,4489.72021484375,7.192299842834473,1.1667033941129015,-0.00745982379601573,-0.745982379601573
2023-08-15,1.1699999570846558,4437.85986328125,7.257299900054932,1.163649140528142,0.005457673052232437,0.5457673052232437
2023-08-16,1.1549999713897705,4404.330078125,7.281499862670898,1.1587082620343043,-0.0032003661025280516,-0.32003661025280516
2023-08-17,1.14900004863739,4370.35986328125,7.296999931335449,1.1522187545456435,-0.002793485087406733,-0.2793485087406733
2023-08-18,1.1330000162124634,4369.7099609375,7.280399799346924,1.1494265895958313,-0.014291102652448595,-1.4291102652448595
2023-08-21,1.1369999647140503,4399.77001953125,7.280700206756592,1.1573814662626225,-0.017610012033791644,-1.7610012033791644
2023-08-22,1.1430000066757202,4387.5498046875,7.197999954223633,1.141056889759502,0.0017029097616927391,0.1702909761692739
2023-08-23,1.1419999599456787,4436.009765625,7.292399883270264,1.1687896784869325,-0.022920906159895837,-2.2920906159895837
2023-08-24,1.159999966621399,4376.31005859375,7.170499801635742,1.1337855319460364,0.023121158223255778,2.3121158223255778
2023-08-25,1.133999943733215,4405.7099609375,7.276500225067139,1.1582754431813331,-0.020958313146519525,-2.0958313146519525
2023-08-28,1.1460000276565552,4433.31005859375,7.289000034332275,1.167533786574861,-0.018443799370875924,-1.8443799370875924
2023-08-29,1.149999976158142,4497.6298828125,7.289100170135498,1.184488997618924,-0.02911721555042901,-2.911721555042901
2023-08-30,1.1660000085830688,4514.8701171875,7.279399871826172,1.1874470052792065,-0.01806143482680711,-1.806143482680711
2023-08-31,1.1710000038146973,4507.66015625,7.283599853515625,1.186234752779879,-0.01284294607747749,-1.284294607747749
2023-09-01,1.1649999618530271,4515.77001953125,7.256899833679199,1.1840126522776817,-0.016057843966514995,-1.6057843966514995
2023-09-04,1.1690000295639038,4515.77001953125,7.140100002288818,1.1649559639783205,0.0034714321490512123,0.34714321490512123
2023-09-05,1.1699999570846558,4496.830078125,7.271900177001953,1.1814838363004505,-0.009719878396097115,-0.9719878396097115
2023-09-06,1.1670000553131104,4465.47998046875,7.303400039672852,1.178329186261524,-0.00961457212509298,-0.9614572125092979
2023-09-07,1.156999945640564,4451.14013671875,7.315899848937988,1.176555498541443,-0.01662102036420876,-1.662102036420876
2023-09-08,1.1619999408721924,4457.490234375,7.3277997970581055,1.1801504995409977,-0.015379867801492031,-1.537986780149203
2023-09-11,1.159999966621399,4487.4599609375,7.232399940490723,1.1726176297248703,-0.01076025362711952,-1.076025362711952
2023-09-12,1.1619999408721924,4461.89990234375,7.288000106811523,1.174901862332787,-0.010981275861609019,-1.098127586160902
2023-09-13,1.152999997138977,4467.43994140625,7.290900230407715,1.1768287692055157,-0.020248291586740907,-2.0248291586740907
2023-09-14,1.156999945640564,4505.10009765625,7.268799781799316,1.1831520214041786,-0.022103732479429872,-2.210373247942987
2023-09-15,1.1660000085830688,4450.31982421875,7.275899887084961,1.1699069913901228,-0.0033395670218292484,-0.33395670218292484
2023-09-18,1.1540000438690186,4453.52978515625,7.273900032043457,1.1704290381435596,-0.01403672819037316,-1.403672819037316
2023-09-19,1.1540000438690186,4443.9501953125,7.290599822998047,1.1705927835359144,-0.01417464715336414,-1.417464715336414
2023-09-20,1.1519999504089355,4402.2001953125,7.295599937438965,1.1603905902131273,-0.0072308754267393915,-0.7230875426739392
2023-09-21,1.1360000371932983,4330.0,7.285999774932861,1.139857204543249,-0.003383903996550308,-0.3383903996550308
2023-09-22,1.1239999532699585,4320.06005859375,7.30649995803833,1.1404403360028414,-0.014415820112523625,-1.4415820112523625
2023-09-25,1.121000051498413,4337.43994140625,7.297500133514404,1.1436180062029875,-0.019777543359665972,-1.9777543359665972
2023-09-26,1.1169999837875366,4273.52978515625,7.309899806976318,1.1286818939950503,-0.01035004660716643,-1.035004660716643
2023-09-27,1.1100000143051147,4274.509765625,7.310699939727783,1.1290642891026494,-0.016885021501022335,-1.6885021501022335
2023-09-28,1.1089999675750732,4299.7001953125,7.30810022354126,1.1353141951790138,-0.023177925296522295,-2.3177925296522295
2023-10-09,1.1069999933242798,4335.66015625,7.30049991607666,1.1436186585497659,-0.03201999630884178,-3.201999630884178
2023-10-10,1.11899995803833,4358.240234375,7.29040002822876,1.1479842332114574,-0.025247973216534936,-2.5247973216534936
2023-10-11,1.125,4376.9501953125,7.295000076293945,1.1536399959817454,-0.02482576547406612,-2.482576547406612
2023-10-12,1.133999943733215,4349.60986328125,7.298699855804443,1.1470152923128902,-0.011347144773833362,-1.1347144773833362
2023-10-13,1.125,4327.77978515625,7.301499843597412,1.1416964035042168,-0.014624206096270798,-1.4624206096270798
2023-10-16,1.121999979019165,4373.6298828125,7.168099880218506,1.1327119311656968,-0.009456907667166448,-0.9456907667166448
2023-10-17,1.1299999952316284,4373.2001953125,7.309299945831299,1.1549110631980615,-0.021569685112766912,-2.156968511276691
2023-10-18,1.128999948501587,4314.60009765625,7.311699867248535,1.13980958228766,-0.009483718994867107,-0.9483718994867107
2023-10-19,1.1150000095367432,4278.0,7.313499927520752,1.1304189788795818,-0.013640048186488452,-1.3640048186488452
2023-10-20,1.1059999465942385,4224.16015625,7.311200141906738,1.1158413401492828,-0.008819706889267698,-0.8819706889267698
2023-10-23,1.097000002861023,4217.0400390625,7.315400123596191,1.1146004357590875,-0.015790800302422192,-1.5790800302422192
2023-10-24,1.0980000495910645,4247.68017578125,7.3140997886657715,1.1224993277467512,-0.021825650626326354,-2.1825650626326354
2023-10-25,1.0989999771118164,4186.77001953125,7.309000015258789,1.1056316620661593,-0.005998096094634087,-0.5998096094634087
2023-10-26,1.0789999961853027,4137.22998046875,7.315700054168701,1.0935507753107132,-0.013305993149953288,-1.3305993149953288
2023-10-27,1.0800000429153442,4117.3701171875,7.314899921417236,1.0881823954395056,-0.007519284045076402,-0.7519284045076402
2023-10-30,1.0750000476837158,4166.81982421875,7.158699989318848,1.0777357334431572,-0.0025383641597382933,-0.25383641597382933
2023-10-31,1.0800000429153442,4193.7998046875,7.312099933624268,1.1079577816622224,-0.025233577677422292,-2.523357767742229
2023-11-01,1.0880000591278076,4237.85986328125,7.315499782562256,1.1201185561161007,-0.02867419418499839,-2.867419418499839
2023-11-02,1.100000023841858,4317.77978515625,7.315899848937988,1.1413047874654387,-0.03619082656729122,-3.6190826567291223
2023-11-03,1.1200000047683716,4358.33984375,7.3140997886657715,1.1517424434624381,-0.027560362018647644,-2.7560362018647644
2023-11-06,1.1269999742507937,4365.97998046875,7.298500061035156,1.1513006628303595,-0.021107161112740913,-2.1107161112740913
2023-11-07,1.128999948501587,4378.3798828125,7.268599987030029,1.1498405158326626,-0.018124746035743766,-1.8124746035743766
2023-11-08,1.1360000371932983,4382.77978515625,7.27810001373291,1.1525003550114556,-0.0143169741739414,-1.43169741739414
2023-11-09,1.1399999856948853,4347.35009765625,7.279300212860107,1.1433722446884138,-0.0029493972843879224,-0.29493972843879224
2023-11-10,1.1299999952316284,4415.240234375,7.282299995422363,1.1617061891908769,-0.027292782163217733,-2.7292782163217733
2023-11-13,1.1430000066757202,4411.5498046875,7.18179988861084,1.1447163482661546,-0.0014993597261313552,-0.14993597261313552
2023-11-14,1.1449999809265137,4495.7001953125,7.289000034332275,1.1839645328130952,-0.0329102357432971,-3.29102357432971
2023-11-15,1.1670000553131104,4502.8798828125,7.252099990844727,1.1798520302850068,-0.010892870158295986,-1.0892870158295986
2023-11-16,1.1670000553131104,4508.240234375,7.245800018310547,1.180230388954979,-0.011209958467162773,-1.1209958467162773
2023-11-17,1.1679999828338623,4514.02001953125,7.241000175476074,1.1809606786401214,-0.010974705627949777,-1.0974705627949777
2023-11-20,1.1640000343322754,4547.3798828125,7.209700107574463,1.184545739998607,-0.01734479722695703,-1.7344797226957032
2023-11-21,1.1690000295639038,4538.18994140625,7.167500019073486,1.175232438871982,-0.005303129067863455,-0.5303129067863455
2023-11-22,1.1649999618530271,4556.6201171875,7.086900234222412,1.166735845768618,-0.0014878122772060687,-0.14878122772060687
2023-11-23,1.1690000295639038,4556.6201171875,7.154200077056885,1.1778156036958425,-0.007484681052175257,-0.7484681052175257
2023-11-24,1.1729999780654907,4559.33984375,7.0858001708984375,1.1672510251289305,0.004925207014425448,0.4925207014425448
2023-11-27,1.1699999570846558,4550.43017578125,7.081900119781494,1.1643288289341105,0.004870727246131024,0.48707272461310236
2023-11-28,1.1720000505447388,4554.89013671875,7.130300045013428,1.1734351965531211,-0.0012230296249831074,-0.12230296249831074
2023-11-29,1.1710000038146973,4550.580078125,7.063799858093262,1.161391239009034,0.008273495169347056,0.8273495169347056
2023-11-30,1.1710000038146973,4567.7998046875,7.07889986038208,1.1682780822159253,0.002329857625685383,0.2329857625685383
2023-12-01,1.1749999523162842,4594.6298828125,7.075399875640869,1.1745592277366952,0.0003752255051781006,0.03752255051781006
2023-12-04,1.1799999475479126,4569.77978515625,7.061800003051758,1.165961162804416,0.012040525183300232,1.2040525183300232
2023-12-05,1.1729999780654907,4567.18017578125,7.135200023651123,1.1774099347617755,-0.0037454726396350946,-0.37454726396350946
2023-12-06,1.180999994277954,4549.33984375,7.145599842071533,1.1745201478674656,0.00551701596797094,0.551701596797094
2023-12-07,1.1729999780654907,4585.58984375,7.144599914550781,1.1837132790404297,-0.009050587810946586,-0.9050587810946586
2023-12-08,1.180999994277954,4604.3701171875,7.148799896240234,1.1892598747024214,-0.006945395703806256,-0.6945395703806256
2023-12-11,1.187999963760376,4622.43994140625,7.126599788665772,1.1902194595396272,-0.001864778601510797,-0.1864778601510797
2023-12-12,1.1929999589920044,4643.7001953125,7.174200057983398,1.20368002940251,-0.008872848389623211,-0.8872848389623211
2023-12-13,1.1990000009536743,4707.08984375,7.176000118255615,1.2204172108779572,-0.017549088732430662,-1.7549088732430662
2023-12-14,1.2139999866485596,4719.5498046875,7.17170000076294,1.2229144777399963,-0.007289545797111718,-0.7289545797111718
2023-12-15,1.2109999656677246,4719.18994140625,7.066999912261963,1.2049691889222176,0.005004921952320718,0.5004921952320718
2023-12-18,1.2139999866485596,4740.56005859375,7.070499897003174,1.2110251767749487,0.002456439329802329,0.2456439329802329
2023-12-19,1.218999981880188,4768.3701171875,7.131999969482422,1.228724984035013,-0.007914710192421626,-0.7914710192421626
2023-12-20,1.22599995136261,4698.35009765625,7.067599773406982,1.1997498988073985,0.021879603891865607,2.1879603891865607
2023-12-21,1.2130000591278076,4746.75,7.134099960327148,1.2235140137771587,-0.008593244156552826,-0.8593244156552826
2023-12-22,1.2200000286102295,4754.6298828125,7.138500213623047,1.2263010246461112,-0.005138213137920289,-0.5138213137920289
2023-12-25,1.2230000495910645,4754.6298828125,7.0833001136779785,1.2168183690325383,0.005080199901519533,0.5080199901519533
2023-12-26,1.22599995136261,4774.75,7.135499954223633,1.2309727633918304,-0.004039741720619494,-0.4039741720619494
2023-12-27,1.2309999465942385,4781.580078125,7.142399787902832,1.2339256376757335,-0.0023710432721099073,-0.23710432721099073
2023-12-28,1.2280000448226929,4783.35009765625,7.140200138092041,1.2340022520104028,-0.004864016396997073,-0.4864016396997073
2023-12-29,1.22599995136261,4769.830078125,7.10699987411499,1.2247927708592612,0.0009856202061855335,0.09856202061855335
2024-01-02,1.2269999980926514,4742.830078125,7.068600177764893,1.211279539759447,0.012978390055466749,1.2978390055466749
2024-01-03,1.2209999561309814,4704.81005859375,7.089600086212158,1.2051392511731611,0.013160889865947434,1.3160889865947434
2024-01-04,1.2130000591278076,4688.68017578125,7.098899841308594,1.2025829912770651,0.008662244457390944,0.8662244457390944
2024-01-05,1.2079999446868896,4697.240234375,7.110000133514404,1.2066623989139869,0.0011084672681493934,0.11084672681493934
2024-01-08,1.2109999656677246,4763.5400390625,7.09250020980835,1.220682099522144,-0.00793174067040836,-0.793174067040836
2024-01-09,1.2269999980926514,4756.5,7.090000152587891,1.218448406542418,0.007018427291886953,0.7018427291886953
2024-01-10,1.2269999980926514,4783.4501953125,7.101600170135498,1.2273569113440483,-0.00029079825770172985,-0.029079825770172985
2024-01-11,1.2359999418258667,4780.240234375,7.170400142669678,1.2384158841428046,-0.0019508327920149116,-0.19508327920149116
2024-01-12,1.2309999465942385,4783.830078125,7.103099822998047,1.2277135861226454,0.002676813638571973,0.2676813638571973
2024-01-15,1.2309999465942385,4783.830078125,7.100599765777588,1.22728147137104,0.0030298471132661486,0.30298471132661486
2024-01-16,1.2280000448226929,4765.97998046875,7.0970001220703125,1.2220822187426417,0.004842412391974582,0.4842412391974582
2024-01-17,1.222000002861023,4739.2099609375,7.116499900817871,1.2185568517765126,0.0028255974101583092,0.2825597410158309
2024-01-18,1.222000002861023,4780.93994140625,7.114500045776367,1.228941112850206,-0.0056480411604791225,-0.5648041160479123
2024-01-19,1.2319999933242798,4839.81005859375,7.114999771118164,1.244161066876564,-0.00977451704288912,-0.9774517042889119
2024-01-22,1.253999948501587,4850.43017578125,7.107100009918213,1.2455067416445909,0.006819077386752248,0.6819077386752248
2024-01-23,1.2519999742507937,4864.60009765625,7.192699909210205,1.2641903885687253,-0.009642862679673736,-0.9642862679673736
2024-01-24,1.256999969482422,4868.5498046875,7.077600002288818,1.2449704124809418,0.009662524410928075,0.9662524410928075
2024-01-25,1.253999948501587,4894.16015625,7.081999778747559,1.2522974165623906,0.0013595268317887488,0.13595268317887488
2024-01-26,1.253000020980835,4890.97021484375,7.081099987030029,1.2513221827129413,0.0013408523328948263,0.13408523328948263
2024-01-29,1.2580000162124634,4927.93017578125,7.086599826812744,1.2617573801486015,-0.002977881481220801,-0.2977881481220801
2024-01-30,1.2649999856948853,4924.97021484375,7.084499835968018,1.2606258303465823,0.0034698284320417994,0.34698284320417994
2024-01-31,1.2599999904632568,4845.64990234375,7.094099998474121,1.2420032661421114,0.014490078095403591,1.4490078095403591
2024-02-01,1.246000051498413,4906.18994140625,7.1006999015808105,1.2586903854194629,-0.010082172763098307,-1.0082172763098307
2024-02-02,1.2699999809265137,4958.60986328125,7.088500022888184,1.2699531035327443,3.6912696727897654e-05,0.0036912696727897654
2024-02-05,1.2730000019073486,4942.81005859375,7.112599849700928,1.270210495086393,0.002196098073308672,0.2196098073308672
2024-02-06,1.2669999599456787,4954.22998046875,7.108500003814697,1.2724113366152807,-0.0042528516635168545,-0.42528516635168545
2024-02-07,1.2669999599456787,4995.06005859375,7.100100040435791,1.2813818880207908,-0.011223764132741287,-1.1223764132741287
2024-02-08,1.2860000133514404,4997.91015625,7.101099967956543,1.2822935867434144,0.0028904664628628396,0.28904664628628396
2024-02-19,1.2970000505447388,5005.56982421875,7.118599891662598,1.2874237192481257,0.007438367923037648,0.7438367923037648
2024-02-20,1.2960000038146973,4975.509765625,7.197199821472168,1.2938220317316649,0.0016833629584414034,0.16833629584414034
2024-02-21,1.2829999923706057,4981.7998046875,7.189700126647949,1.2941077762717543,-0.008583353028871699,-0.8583353028871699
2024-02-22,1.2970000505447388,5087.02978515625,7.18809986114502,1.3211489414967734,-0.01827870438640744,-1.827870438640744
2024-02-23,1.315999984741211,5088.7998046875,7.193299770355225,1.3225646906580932,-0.004963618009199866,-0.4963618009199866
2024-02-26,1.312000036239624,5069.52978515625,7.194399833679199,1.3177579594734026,-0.004369484693592329,-0.4369484693592329
2024-02-27,1.309000015258789,5078.18017578125,7.196300029754639,1.3203551575456298,-0.008600066597193812,-0.8600066597193812
2024-02-28,1.315999984741211,5069.759765625,7.197400093078613,1.3183673055437075,-0.0017956458663241914,-0.17956458663241914
2024-02-29,1.312999963760376,5096.27001953125,7.196000099182129,1.3250033913964454,-0.009059167481389463,-0.9059167481389463
2024-03-01,1.3250000476837158,5137.080078125,7.18720006942749,1.333980462152199,-0.006732043476854521,-0.6732043476854521
2024-03-04,1.3309999704360962,5130.9501953125,7.195799827575684,1.3339829275705022,-0.0022361284187036867,-0.22361284187036867
2024-03-05,1.3270000219345093,5078.64990234375,7.19890022277832,1.320954408676713,0.004576700920247756,0.4576700920247756
2024-03-06,1.3200000524520874,5104.759765625,7.196000099182129,1.327210680712593,-0.005432919102665856,-0.5432919102665856
2024-03-07,1.3200000524520874,5157.35986328125,7.195899963378906,1.340867770271608,-0.015562845406667969,-1.556284540666797
2024-03-08,1.3380000591278076,5123.68994140625,7.192299842834473,1.33144743079026,0.004921432259370917,0.4921432259370917
2024-03-11,1.3270000219345093,5117.93994140625,7.185200214385986,1.3286404127328528,-0.001234638644604713,-0.1234638644604713
2024-03-12,1.3250000476837158,5175.27001953125,7.183800220489502,1.3432617832955795,-0.013595068242811204,-1.3595068242811204
2024-03-13,1.3339999914169312,5165.31005859375,7.181000232696533,1.3401540883874914,-0.0045920816299303,-0.45920816299303
2024-03-14,1.337000012397766,5150.47998046875,7.186600208282471,1.337348478109149,-0.0002605646300025688,-0.02605646300025688
2024-03-15,1.3270000219345093,5117.08984375,7.192200183868408,1.3297138972796663,-0.002040946816235456,-0.2040946816235456
2024-03-18,1.3220000267028809,5149.419921875,7.195000171661377,1.3386360489749873,-0.01242759171534702,-1.242759171534702
2024-03-19,1.3259999752044678,5178.509765625,7.197199821472168,1.346609763002158,-0.01530494458301146,-1.530494458301146
2024-03-20,1.3359999656677246,5224.6201171875,7.197999954223633,1.3587512498943595,-0.016744260016985257,-1.6744260016985257
2024-03-21,1.3609999418258667,5241.52978515625,7.1975998878479,1.3630731323095167,-0.0015209679029747347,-0.15209679029747347
2024-03-22,1.3669999837875366,5234.18017578125,7.198200225830078,1.3612753796214008,0.004205324104023633,0.42053241040236333
2024-03-25,1.3569999933242798,5218.18994140625,7.228099822998047,1.3627538691103127,-0.004222241386692471,-0.42222413866924713
2024-03-26,1.3609999418258667,5203.580078125,7.208399772644043,1.3552346761389282,0.004254071850761543,0.42540718507615427
2024-03-27,1.3600000143051147,5248.490234375,7.217700004577637,1.3686948064987174,-0.00635261575649948,-0.635261575649948
2024-03-28,1.36899995803833,5254.35009765625,7.225800037384033,1.37176066121246,-0.002012525400524212,-0.2012525400524212
2024-03-29,1.38100004196167,5254.35009765625,7.226500034332275,1.3718935500651268,0.006637899781736678,0.6637899781736678
2024-04-01,1.3830000162124634,5243.77001953125,7.220300197601318,1.3679565067020052,0.010997067111970127,1.0997067111970127
2024-04-02,1.3700000047683716,5205.81005859375,7.229700088500977,1.3598217979783989,0.0074849563414149944,0.7484956341414994
2024-04-03,1.350000023841858,5211.490234375,7.232399940490723,1.361813894533428,-0.008675099247403062,-0.8675099247403062
2024-04-08,1.350000023841858,5202.39013671875,7.231400012969971,1.3592479980097592,-0.006803743085472491,-0.6803743085472491
2024-04-09,1.3530000448226929,5209.91015625,7.229700088500977,1.3608927940585585,-0.005799684788048043,-0.5799684788048043
2024-04-10,1.3530000448226929,5160.64013671875,7.230700016021728,1.3482092999878899,0.0035534132829717624,0.35534132829717624
2024-04-11,1.340000033378601,5199.06005859375,7.231500148773193,1.3583967459477444,-0.013542959834100698,-1.3542959834100698
2024-04-12,1.3519999980926514,5123.41015625,7.235899925231934,1.3394455858917436,0.009372842266339276,0.9372842266339276
2024-04-15,1.337000012397766,5061.81982421875,7.235599994659424,1.3232887820158685,0.010361480100367748,1.0361480100367748
2024-04-16,1.309999942779541,5051.41015625,7.236999988555908,1.3208229418684392,-0.008194133176993357,-0.8194133176993357
2024-04-17,1.3109999895095823,5022.2099609375,7.236199855804443,1.3130426013094485,-0.0015556325421803852,-0.15556325421803852
2024-04-18,1.3109999895095823,5011.1201171875,7.237400054931641,1.3103604938979923,0.0004880302898080391,0.04880302898080391
2024-04-19,1.2929999828338623,4967.22998046875,7.236700057983398,1.298758011209366,-0.0044334882447746304,-0.44334882447746304
2024-04-22,1.2970000505447388,5010.60009765625,7.239399909973144,1.3105865579645262,-0.010366737959596195,-1.0366737959596195
2024-04-23,1.305999994277954,5070.5498046875,7.242499828338623,1.3268350797411796,-0.015702844898621282,-1.5702844898621282
2024-04-24,1.3279999494552612,5071.6298828125,7.244500160217285,1.3274842503399198,0.0003884785188295048,0.03884785188295048
2024-04-25,1.315000057220459,5048.419921875,7.244200229644775,1.3213544032779398,-0.004808964227702606,-0.48089642277026057
2024-04-26,1.3250000476837158,5099.9599609375,7.23859977722168,1.333812337869336,-0.0066068441079928375,-0.6606844107992838
2024-04-29,1.3300000429153442,5116.169921875,7.24459981918335,1.3391608968736322,-0.006840741825477892,-0.6840741825477892
2024-04-30,1.3309999704360962,5035.68994140625,7.23769998550415,1.316839840338884,0.010753114891761006,1.0753114891761006
2024-05-06,1.3300000429153442,5180.740234375,7.236199855804443,1.3544898932864284,-0.018080496940190427,-1.8080496940190427
2024-05-07,1.3420000076293943,5187.7001953125,7.208000183105469,1.3510239792313954,-0.006679357095597083,-0.6679357095597083
2024-05-08,1.3450000286102295,5187.669921875,7.218400001525879,1.352965362889953,-0.005887315742296173,-0.5887315742296173
2024-05-09,1.343000054359436,5214.080078125,7.223800182342529,1.360870563041285,-0.013131674067452637,-1.3131674067452637
2024-05-10,1.3550000190734863,5222.68017578125,7.218699932098389,1.3621527753896234,-0.005251067608103788,-0.5251067608103788
2024-05-13,1.3600000143051147,5221.419921875,7.225800037384033,1.3631635333348031,-0.0023207186462428364,-0.23207186462428364
2024-05-14,1.3600000143051147,5246.68017578125,7.2322998046875,1.3709903917088728,-0.008016378138186009,-0.8016378138186009
2024-05-15,1.368000030517578,5308.14990234375,7.2322998046875,1.3870528162658664,-0.013736164567677567,-1.3736164567677567
2024-05-16,1.3849999904632568,5297.10009765625,7.217700004577637,1.3813712266589204,0.0026269287605715785,0.26269287605715785
2024-05-17,1.378000020980835,5303.27001953125,7.217000007629394,1.3828460851750755,-0.003504413286621766,-0.3504413286621766
2024-05-20,1.3799999952316284,5308.1298828125,7.222700119018555,1.3852065080374163,-0.0037586545945157424,-0.37586545945157424
2024-05-21,1.3799999952316284,5321.41015625,7.23169994354248,1.3904024713884893,-0.007481629507226528,-0.7481629507226528
2024-05-22,1.383999943733215,5307.009765625,7.237599849700928,1.3877711467471012,-0.002717453106533929,-0.2717453106533929
2024-05-23,1.3890000581741333,5267.83984375,7.240300178527832,1.3780422521232185,0.007951719937492108,0.7951719937492108
2024-05-24,1.371000051498413,5304.72021484375,7.241499900817871,1.387919925721231,-0.012190814404530848,-1.2190814404530848
2024-05-27,1.38100004196167,5304.72021484375,7.241499900817871,1.387919925721231,-0.004985794663885268,-0.4985794663885268
2024-05-28,1.381999969482422,5306.0400390625,7.241499900817871,1.3882652427704745,-0.0045130232285792715,-0.45130232285792715
2024-05-29,1.3769999742507937,5266.9501953125,7.244999885559082,1.3787038657808959,-0.0012358647657356725,-0.12358647657356725
2024-05-30,1.3609999418258667,5235.47998046875,7.24940013885498,1.371298414178019,-0.007510015504776368,-0.7510015504776368
2024-05-31,1.3600000143051147,5277.509765625,7.233500003814697,1.379275209178819,-0.013974872270183236,-1.3974872270183236
2024-06-03,1.378999948501587,5283.39990234375,7.241000175476074,1.3822463141948924,-0.002348615915967467,-0.2348615915967467
2024-06-04,1.3760000467300415,5291.33984375,7.242000102996826,1.3845147311678143,-0.006149941380970914,-0.6149941380970914
2024-06-05,1.38100004196167,5354.02978515625,7.242000102996826,1.4009179768363986,-0.014217773776954545,-1.4217773776954545
2024-06-06,1.39900004863739,5352.9599609375,7.246699810028076,1.401546996322005,-0.0018172403003958726,-0.18172403003958726
2024-06-07,1.399999976158142,5346.990234375,7.244100093841553,1.3994817264317931,0.00037031546504739943,0.03703154650473994
2024-06-11,1.409000039100647,5375.31982421875,7.246799945831299,1.4074208496541027,0.0011220449426567747,0.11220449426567747
2024-06-12,1.4149999618530271,5421.02978515625,7.246699810028076,1.4193694830153758,-0.003078494510862617,-0.3078494510862617
2024-06-13,1.4210000038146973,5433.740234375,7.238100051879883,1.4210090814277447,-6.388145695979119e-06,-0.0006388145695979119
2024-06-14,1.4220000505447388,5431.60009765625,7.2515997886657715,1.4230986734186462,-0.0007719934635791459,-0.07719934635791459
2024-06-17,1.4190000295639038,5473.22998046875,7.254300117492676,1.434539842539106,-0.01083261162527005,-1.083261162527005
2024-06-18,1.4279999732971191,5487.02978515625,7.255000114440918,1.4382955607456158,-0.007158186209765827,-0.7158186209765827
2024-06-19,1.434000015258789,5487.02978515625,7.252699851989746,1.4378395363183405,-0.0026703404396450914,-0.26703404396450914
2024-06-20,1.4420000314712524,5473.169921875,7.25629997253418,1.4349195686576117,0.004934396999174417,0.49343969991744174
2024-06-21,1.4320000410079956,5464.6201171875,7.259099960327148,1.433230864631568,-0.0008587755496660687,-0.08587755496660687
2024-06-24,1.4299999475479126,5447.8701171875,7.259200096130371,1.4288574757981183,0.0007995701244842834,0.07995701244842834
2024-06-25,1.4270000457763672,5469.2998046875,7.257699966430664,1.4341815772552662,-0.005007407425106525,-0.5007407425106525
2024-06-26,1.437000036239624,5477.89990234375,7.26140022277832,1.4371690801550177,-0.0001176228446101435,-0.01176228446101435
2024-06-27,1.4459999799728394,5482.8701171875,7.263500213623047,1.438889059362685,0.004941951962094793,0.49419519620947927
2024-06-28,1.4609999656677246,5460.47998046875,7.267199993133545,1.4337430644009297,0.019011008278658315,1.9011008278658315
2024-07-01,1.4520000219345093,5475.08984375,7.265799999237059,1.4373021923759675,0.010225984233868779,1.022598423386878
2024-07-02,1.4470000267028809,5509.009765625,7.266900062561035,1.4464256962340045,0.0003970687677712359,0.03970687677712359
2024-07-03,1.468000054359436,5537.02001953125,7.269400119781494,1.454280116321321,0.009434178384299274,0.9434178384299274
2024-07-04,1.4730000495910645,5537.02001953125,7.268599987030029,1.4541200457334185,0.012983800005400115,1.2983800005400115
2024-07-05,1.4730000495910645,5567.18994140625,7.265799999237059,1.4614800006050837,0.007882454074781275,0.7882454074781275
2024-07-08,1.4800000190734863,5572.85009765625,7.267799854278564,1.4633685558109863,0.011365191083583914,1.1365191083583914
2024-07-09,1.4839999675750732,5576.97998046875,7.267099857330322,1.4643119686285266,0.013445221625133952,1.3445221625133952
2024-07-10,1.4789999723434448,5633.91015625,7.271699905395508,1.4801961269210937,-0.0008081054637921747,-0.08081054637921747
2024-07-11,1.4919999837875366,5584.5400390625,7.274499893188477,1.4677900845888359,0.01649411550935942,1.649411550935942
2024-07-12,1.468999981880188,5615.35009765625,7.254799842834473,1.4718910747700642,-0.0019642030170797797,-0.19642030170797797
2024-07-15,1.4950000047683716,5631.22021484375,7.24940013885498,1.4749523213363627,0.013592089142139052,1.3592089142139052
2024-07-16,1.5080000162124634,5667.2001953125,7.258900165557861,1.4863215568396564,0.014585309129810042,1.4585309129810042
2024-07-17,1.5099999904632568,5588.27001953125,7.260600090026855,1.4659639752651006,0.030038947710289365,3.0038947710289365
2024-07-18,1.4980000257492063,5544.58984375,7.259399890899658,1.454264974539729,0.030073646807948107,3.0073646807948107
2024-07-19,1.4769999980926514,5505.0,7.258900165557861,1.4437817420266952,0.023007810044284316,2.3007810044284316
2024-07-22,1.4539999961853027,5564.41015625,7.269000053405762,1.4613936145337068,-0.005059292907040103,-0.5059292907040103
2024-07-23,1.4769999980926514,5555.740234375,7.27269983291626,1.4598592753075832,0.011741352796800664,1.1741352796800664
2024-07-24,1.4630000591278076,5427.1298828125,7.274300098419189,1.4263786435878714,0.025674399784772373,2.5674399784772373
2024-07-25,1.4240000247955322,5399.22021484375,7.261199951171875,1.4164877920653558,0.005303422148963843,0.5303422148963843
2024-07-26,1.4299999475479126,5459.10009765625,7.230100154876709,1.4260631893627886,0.0027605776619779032,0.2760577661977903
2024-07-29,1.4609999656677246,5463.5400390625,7.250100135803223,1.4311710206935484,0.0208423343841333,2.08423343841333
2024-07-30,1.4529999494552612,5436.43994140625,7.258299827575684,1.4256827583817993,0.019160778169519332,1.9160778169519332
2024-07-31,1.4539999961853027,5522.2998046875,7.250699996948242,1.446682792097254,0.005057918797417127,0.5057918797417127
2024-08-01,1.4709999561309814,5446.68017578125,7.217199802398682,1.4202800995490463,0.035711164718874366,3.5711164718874366
2024-08-02,1.4320000410079956,5346.56005859375,7.242800235748291,1.3991180370897598,0.023501951262548282,2.350195126254828
2024-08-05,1.340000033378601,5186.330078125,7.157199859619141,1.3411479711707985,-0.0008559367175534627,-0.08559367175534627
2024-08-06,1.3530000448226929,5240.02978515625,7.120200157165527,1.3480293768592397,0.0036873587837040755,0.36873587837040755
2024-08-07,1.366000056266785,5199.5,7.156300067901611,1.3443845839143416,0.01607833994161645,1.6078339941616449
2024-08-08,1.35099995136261,5319.31005859375,7.180300235748291,1.3799752857564107,-0.020996995158444665,-2.0996995158444665
2024-08-09,1.3849999904632568,5344.16015625,7.173699855804443,1.3851476372926643,-0.00010659284644631839,-0.010659284644631839
2024-08-12,1.39900004863739,5344.39013671875,7.166299819946289,1.3837783340563035,0.011000110499249205,1.1000110499249205
2024-08-13,1.4140000343322754,5434.43017578125,7.173999786376953,1.4086035261465089,0.0038311051233341775,0.38311051233341775
2024-08-14,1.437000036239624,5455.2099609375,7.152900218963623,1.4098309355635787,0.019271176416046254,1.9271176416046254
2024-08-15,1.4539999961853027,5543.22021484375,7.13730001449585,1.4294516931638832,0.017173230224440506,1.7173230224440506
2024-08-16,1.47599995136261,5554.25,7.173399925231934,1.4395404288135811,0.025327195971201366,2.5327195971201366
2024-08-19,1.4550000429153442,5608.25,7.164000034332275,1.4516313639323004,0.0023206160095070594,0.23206160095070594
2024-08-20,1.4700000286102295,5597.1201171875,7.140500068664551,1.443998205698139,0.018006824945824063,1.8006824945824063
2024-08-21,1.472000002861023,5620.85009765625,7.131999969482422,1.448394058508924,0.016298012418250574,1.6298012418250574
2024-08-22,1.4769999980926514,5570.64013671875,7.131800174713135,1.4354156233843598,0.02897026758719945,2.897026758719945
2024-08-23,1.468999981880188,5634.60986328125,7.144400119781494,1.4544641427674672,0.00999394807015519,0.999394807015519
2024-08-26,1.4800000190734863,5616.83984375,7.124000072479248,1.4457371959063823,0.023699205681447122,2.369920568144712
2024-08-27,1.475000023841858,5625.7998046875,7.118100166320801,1.4468441994170702,0.01946016332382694,1.946016332382694
2024-08-28,1.4900000095367432,5592.18017578125,7.1230998039245605,1.4392080640201785,0.03529159319375008,3.529159319375008
2024-08-29,1.472000002861023,5591.9599609375,7.124300003051758,1.4393938776309152,0.02265267744765853,2.265267744765853
2024-08-30,1.4769999980926514,5648.39990234375,7.0954999923706055,1.4480442701711673,0.019996438311973286,1.9996438311973286
2024-09-02,1.493000030517578,5648.39990234375,7.092100143432617,1.4473504315721404,0.03154011492286091,3.1540114922860907
2024-09-03,1.5,5528.93017578125,7.116600036621094,1.4216315809074802,0.055125688079111335,5.5125688079111335
2024-09-04,1.437000036239624,5520.06982421875,7.120399951934815,1.4201112194077146,0.011892601509727818,1.1892601509727818
2024-09-05,1.4459999799728394,5503.41015625,7.1118998527526855,1.414135133074323,0.02253309896151312,2.253309896151312
2024-09-06,1.434000015258789,5408.419921875,7.091300010681152,1.3857014198447326,0.0348549801005964,3.48549801005964
2024-09-09,1.4259999990463257,5471.0498046875,7.087900161743164,1.4010758864235282,0.0177892667087578,1.77892667087578
2024-09-10,1.4240000247955322,5495.52001953125,7.11359977722168,1.4124452434159427,0.008180693328432964,0.8180693328432964
2024-09-11,1.4240000247955322,5554.1298828125,7.120800018310547,1.4289539041035506,-0.003466787342679356,-0.3466787342679356
2024-09-12,1.4459999799728394,5595.759765625,7.119699954986572,1.4394419378044983,0.00455596158212801,0.455596158212801
2024-09-13,1.4500000476837158,5626.02001953125,7.116600036621094,1.446595901973602,0.002353211221924223,0.2353211221924223
2024-09-18,1.4550000429153442,5618.259765625,7.09250020980835,1.4397085088243826,0.010621270901182811,1.062127090118281
2024-09-19,1.4670000076293943,5713.64013671875,7.080999851226807,1.461776136127403,0.003573646725298474,0.3573646725298474
2024-09-20,1.4739999771118164,5702.5498046875,7.066999912261963,1.4560543013225848,0.012324867124070105,1.2324867124070105
2024-09-23,1.468999981880188,5718.56982421875,7.050899982452393,1.4568182762628752,0.008361856667917555,0.8361856667917555
2024-09-24,1.4589999914169312,5732.93017578125,7.051300048828125,1.4605594745910897,-0.0010677300043500093,-0.10677300043500093
2024-09-25,1.4520000219345093,5722.259765625,7.030200004577637,1.4534786213919328,-0.001017283251134149,-0.1017283251134149
2024-09-26,1.4589999914169312,5745.3701171875,7.032299995422363,1.4597846722294454,-0.0005375318890804559,-0.05375318890804559
2024-09-27,1.4420000314712524,5738.169921875,7.008999824523926,1.4531245915552218,-0.007655613392422933,-0.7655613392422933
2024-09-30,1.4470000267028809,5762.47998046875,7.010300159454346,1.4595515613379233,-0.008599582890745472,-0.8599582890745472
2024-10-08,1.4450000524520874,5751.1298828125,7.019100189208984,1.4585053145840232,-0.0092596591845725,-0.92596591845725
2024-10-09,1.4609999656677246,5792.0400390625,7.057799816131592,1.4769788970261013,-0.010818659217508353,-1.0818659217508353
2024-10-10,1.4739999771118164,5780.0498046875,7.080100059509277,1.4785784587541806,-0.0030965429093441355,-0.30965429093441355
2024-10-11,1.47599995136261,5815.02978515625,7.080100059509277,1.4875265902333923,-0.007748862404519219,-0.7748862404519219
2024-10-14,1.4859999418258667,5859.85009765625,7.065199851989746,1.4958372921190506,-0.006576484183816511,-0.6576484183816511
2024-10-15,1.5160000324249268,5815.259765625,7.087200164794922,1.4890772095754956,0.018080206101002805,1.8080206101002805
2024-10-16,1.5010000467300415,5842.47021484375,7.117800235748291,1.5025042215603146,-0.0010011118828744392,-0.10011118828744392
2024-10-17,1.5169999599456787,5841.47021484375,7.118400096893311,1.502373655888842,0.009735463610870632,0.9735463610870632
2024-10-18,1.5099999904632568,5864.669921875,7.123000144958496,1.5093151308959607,0.00045375518556523,0.045375518556523
2024-10-21,1.508999943733215,5853.97998046875,7.100800037384033,1.5018685203998743,0.004748367274814536,0.47483672748145356
2024-10-22,1.5019999742507937,5851.2001953125,7.118000030517578,1.504791542809103,-0.001855119781639658,-0.1855119781639658
2024-10-23,1.503000020980835,5797.419921875,7.121699810028076,1.4917354854581504,0.0075512955430063755,0.7551295543006376
2024-10-24,1.4919999837875366,5809.85986328125,7.12529993057251,1.4956921213284253,-0.002468514400951305,-0.2468514400951305
2024-10-25,1.493000030517578,5808.1201171875,7.11870002746582,1.4938592508422393,-0.0005751681921686291,-0.05751681921686291
2024-10-28,1.5010000467300415,5823.52001953125,7.120100021362305,1.4981147019390808,0.00192598389644405,0.192598389644405
2024-10-29,1.4989999532699585,5832.919921875,7.127500057220459,1.5020923779177682,-0.0020587446506429297,-0.20587446506429297
2024-10-30,1.5049999952316284,5813.669921875,7.130099773406982,1.4976811934944398,0.004886755451680713,0.4886755451680713
2024-10-31,1.4859999418258667,5705.4501953125,7.114799976348877,1.466648398317271,0.013194398555780973,1.3194398555780973
2024-11-01,1.4700000286102295,5728.7998046875,7.118500232696533,1.4734165652190052,-0.002318785256949951,-0.23187852569499512
2024-11-04,1.465999960899353,5712.68994140625,7.121699810028076,1.4699335942288305,-0.00267606192886638,-0.267606192886638
2024-11-05,1.465000033378601,5782.759765625,7.097799777984619,1.4829697544529945,-0.012117388787218908,-1.2117388787218908
2024-11-06,1.5190000534057615,5929.0400390625,7.102200031280518,1.5214254676852956,-0.001594172262164184,-0.1594172262164184
2024-11-07,1.531999945640564,5973.10009765625,7.1768999099731445,1.5488525710535859,-0.010880716297974158,-1.0880716297974158
2024-11-08,1.5410000085830688,5995.5400390625,7.141200065612793,1.5469379955214149,-0.003838542304563708,-0.3838542304563708
2024-11-11,1.559999942779541,6001.35009765625,7.178199768066406,1.5564597773080457,0.0022744985274325558,0.22744985274325558
2024-11-12,1.5720000267028809,5983.990234375,7.211100101470947,1.5590706616067145,0.00829299493253366,0.8292994932533659
2024-11-13,1.5540000200271606,5985.3798828125,7.231599807739258,1.563865874410722,-0.006308632054062069,-0.6308632054062069
2024-11-14,1.565999984741211,5949.169921875,7.223499774932861,1.5526638293419321,0.008589209813003151,0.8589209813003151
2024-11-15,1.5440000295639038,5870.6201171875,7.229199886322021,1.5333722883689316,0.006930959477738474,0.6930959477738474
2024-11-18,1.5399999618530271,5893.6201171875,7.230999946594238,1.5397630597160858,0.00015385622836339152,0.015385622836339152
2024-11-19,1.5460000038146973,5916.97998046875,7.235400199890137,1.5468067412872117,-0.0005215502693265428,-0.05215502693265428
2024-11-20,1.559999942779541,5917.10986328125,7.238100051879883,1.5474178905969498,0.008130998264300526,0.8130998264300526
2024-11-21,1.5540000200271606,5948.7099609375,7.24399995803833,1.5569498806914936,-0.001894640733729247,-0.1894640733729247
2024-11-22,1.5720000267028809,5969.33984375,7.233699798583984,1.5601278328289678,0.0076097571135471664,0.7609757113547166
2024-11-25,1.593999981880188,5987.3701171875,7.242000102996826,1.566635743117413,0.017466880149385355,1.7466880149385355
2024-11-26,1.597000002861023,6021.6298828125,7.239500045776367,1.5750561187095757,0.013932128443414182,1.3932128443414182
2024-11-27,1.6069999933242798,5998.740234375,7.251999855041504,1.5717781291483508,0.022408928793921756,2.2408928793921756
2024-11-28,1.5980000495910645,5998.740234375,7.246200084686279,1.57052110317198,0.017496706261116435,1.7496706261116435
2024-11-29,1.5959999561309814,6032.3798828125,7.2428998947143555,1.578608963593786,0.011016656397036861,1.1016656397036861
2024-12-02,1.60099995136261,6047.14990234375,7.240699768066406,1.581993421472774,0.012014291356623907,1.2014291356623907
2024-12-03,1.6089999675750732,6049.8798828125,7.270899772644043,1.5893088758836902,0.0123897198273899,1.23897198273899
2024-12-04,1.6080000400543213,6086.490234375,7.28380012512207,1.60176333423919,0.0038936500054758127,0.3893650005475813
2024-12-05,1.6150000095367432,6075.10986328125,7.263000011444092,1.5942028447243644,0.01304549473186678,1.304549473186678
2024-12-06,1.6080000400543213,6090.27001953125,7.259200096130371,1.5973449549727723,0.006670497220013782,0.6670497220013782
2024-12-09,1.6230000257492063,6052.85009765625,7.269299983978271,1.5897392926674179,0.020922130587827548,2.0922130587827548
2024-12-10,1.6100000143051147,6034.91015625,7.259500026702881,1.5828906686896458,0.017126480149074697,1.7126480149074697
2024-12-11,1.6069999933242798,6084.18994140625,7.248700141906738,1.5934421355782267,0.008508534727013073,0.8508534727013073
2024-12-12,1.6150000095367432,6051.25,7.261099815368652,1.587526199122972,0.01730605166009158,1.7306051660091581
2024-12-13,1.61899995803833,6051.08984375,7.267600059509277,1.5889053220016167,0.01894048413079874,1.894048413079874
2024-12-16,1.6360000371932983,6074.080078125,7.275100231170654,1.596588118438525,0.02468508834533889,2.468508834533889
2024-12-17,1.6399999856948853,6050.60986328125,7.282400131225586,1.5920147504174058,0.03014120017725852,3.014120017725852
2024-12-18,1.6369999647140503,5872.16015625,7.284599781036377,1.5455283900621344,0.059184661530700566,5.918466153070057
2024-12-19,1.5889999866485596,5867.080078125,7.285399913787842,1.544360946749762,0.028904538147473957,2.8904538147473957
2024-12-20,1.5729999542236328,5930.85009765625,7.295400142669678,1.5632896890370789,0.006211430456331435,0.6211430456331435
2024-12-23,1.6130000352859497,5974.06982421875,7.295400142669678,1.574681808511631,0.024333948971276165,2.4333948971276165
2024-12-24,1.616000056266785,6040.0400390625,7.296999931335449,1.59241976151348,0.014807838563177134,1.4807838563177134
2024-12-25,1.628000020980835,6040.0400390625,7.294600009918213,1.591896028153627,0.022679868652655255,2.2679868652655255
2024-12-26,1.6260000467300415,6037.58984375,7.2972002029418945,1.5918174698643393,0.021473929965484917,2.1473929965484917
2024-12-27,1.621999979019165,5970.83984375,7.297299861907959,1.5742402553396595,0.030338268582263517,3.0338268582263517
2024-12-30,1.6059999465942385,5906.93994140625,7.297800064086914,1.5574994962485738,0.031139946088254877,3.1139946088254877
2024-12-31,1.5950000286102295,5881.6298828125,7.298099994659424,1.5508896588226293,0.02844197814890781,2.844197814890781
2025-01-02,1.6059999465942385,5868.5498046875,7.298099994659424,1.547440656028364,0.037842672892007156,3.7842672892007156
2025-01-03,1.593999981880188,5942.47021484375,7.298600196838379,1.5670396553586952,0.017204623015951492,1.7204623015951492
2025-01-06,1.625,5975.3798828125,7.3196001052856445,1.5802517285936497,0.02831717921686705,2.831717921686705
2025-01-07,1.61899995803833,5909.02978515625,7.322299957275391,1.563281158449215,0.035642212719040556,3.5642212719040556
2025-01-08,1.6139999628067017,5918.25,7.326399803161621,1.566597106285098,0.030258485944743674,3.0258485944743674
2025-01-09,1.6100000143051147,5918.25,7.331500053405762,1.567687687947097,0.026990277899947124,2.6990277899947124
2025-01-10,1.6059999465942385,5827.0400390625,7.332099914550781,1.5436533346277872,0.040388998337819615,4.0388998337819615
2025-01-13,1.5800000429153442,5836.22021484375,7.331699848175049,1.5460009140412112,0.021991661560703868,2.199166156070387
2025-01-14,1.5950000286102295,5842.91015625,7.329800128936768,1.547372019672825,0.030779934192861402,3.0779934192861402
2025-01-15,1.597000002861023,5949.91015625,7.330900192260742,1.575945205901171,0.01336010724294967,1.336010724294967
2025-01-16,1.625,5937.33984375,7.330100059509277,1.572444079571473,0.03342307755888507,3.3423077558885073
2025-01-17,1.6260000467300415,5996.66015625,7.330999851226807,1.588349411809113,0.02370425212550975,2.370425212550975
2025-01-20,1.6369999647140503,5996.66015625,7.323999881744385,1.5868327841136116,0.03161466104222299,3.161466104222299
2025-01-21,1.633999943733215,6049.240234375,7.313300132751465,1.5984079380943532,0.022267160210237114,2.2267160210237114
2025-01-22,1.6469999551773071,6086.3701171875,7.271200180053711,1.598960953791778,0.030043886482411963,3.0043886482411963
2025-01-23,1.6419999599456787,6118.7099609375,7.271200180053711,1.6074570107867265,0.021489190023219473,2.1489190023219473
2025-01-24,1.649999976158142,6101.240234375,7.286200046539307,1.6061740874330412,0.027285889535886287,2.7285889535886287
2025-01-27,1.6360000371932983,6012.27978515625,7.243100166320801,1.5733924884030965,0.03979143745229452,3.979143745229452
2025-02-05,1.6369999647140503,6061.47998046875,7.181900024414063,1.5728649298881257,0.04077593288985493,4.077593288985493
2025-02-06,1.6410000324249268,6083.56982421875,7.270500183105469,1.598071423101333,0.02686276013889488,2.686276013889488
2025-02-07,1.633999943733215,6025.990234375,7.287799835205078,1.5867125550398595,0.02980211415303735,2.980211415303735
2025-02-10,1.6269999742507937,6066.43994140625,7.286799907684326,1.5971442609241235,0.018693185116161803,1.8693185116161803
2025-02-11,1.6260000467300415,6068.5,7.304500102996826,1.6015675268548477,0.015255379161673188,1.5255379161673188
2025-02-12,1.6200000047683716,6051.97021484375,7.307199954986572,1.5977954211513061,0.013897012923635543,1.3897012923635543
2025-02-13,1.6150000095367432,6115.06982421875,7.308800220489502,1.614808066006142,0.0001188646097587398,0.01188646097587398
2025-02-14,1.6239999532699585,6114.6298828125,7.28879976272583,1.6102733025641394,0.00852442295600464,0.852442295600464
2025-02-17,1.61899995803833,6114.6298828125,7.252999782562256,1.602364215448791,0.010381998317954055,1.0381998317954055
2025-02-18,1.628999948501587,6129.580078125,7.252999782562256,1.6062819763667586,0.014143203042229269,1.4143203042229269
2025-02-19,1.628000020980835,6144.14990234375,7.278600215911865,1.6157831230841775,0.007560976298191635,0.7560976298191635
2025-02-20,1.6239999532699585,6117.52001953125,7.283299922943115,1.6098187904289076,0.008809167171711652,0.8809167171711652
2025-02-21,1.6089999675750732,6013.1298828125,7.255499839782715,1.576308873101411,0.02073901570403658,2.073901570403658
2025-02-24,1.5880000591278076,5983.25,7.25,1.567287084653465,0.013215813922771158,1.3215813922771158
2025-02-25,1.5679999589920044,5955.25,7.247600078582764,1.559436221635315,0.0054915598585423275,0.5491559858542328
2025-02-26,1.5670000314712524,5956.06005859375,7.247600078582764,1.5596483428246422,0.004713683491815779,0.4713683491815779
2025-02-27,1.5670000314712524,5861.56982421875,7.257999897003174,1.537107703709955,0.01944712637191892,1.9447126371918921
2025-02-28,1.537999987602234,5954.5,7.285299777984619,1.567350494609301,-0.01872619245536611,-1.8726192455366109
2025-03-03,1.565000057220459,5849.72021484375,7.282800197601318,1.5392419423960015,0.016734285959205453,1.6734285959205453
2025-03-04,1.5369999408721924,5778.14990234375,7.284299850463867,1.520722662415473,0.010703646929851818,1.0703646929851818
2025-03-05,1.5230000019073486,5842.6298828125,7.265100002288818,1.5336398015324535,-0.006937613130849396,-0.6937613130849396
2025-03-06,1.527999997138977,5738.52001953125,7.2505998611450195,1.5033054715795142,0.01642681811935165,1.642681811935165
2025-03-07,1.5010000467300415,5770.2001953125,7.2505998611450195,1.5116046465288846,-0.007015458587795842,-0.7015458587795842
2025-03-10,1.5010000467300415,5614.56005859375,7.234000205993652,1.4674646468654067,0.022852611772466558,2.285261177246656
2025-03-11,1.465000033378601,5572.06982421875,7.259099960327148,1.4614121898125152,0.0024550524424913345,0.24550524424913345
2025-03-12,1.4559999704360962,5599.2998046875,7.259099960327148,1.4685539210974363,-0.008548511893903599,-0.8548511893903599
2025-03-13,1.4529999494552612,5521.52001953125,7.237100124359131,1.4437654041470536,0.006396153614487865,0.6396153614487865
2025-03-14,1.4529999494552612,5638.93994140625,7.237100124359131,1.4744683302183361,-0.014560082656977724,-1.4560082656977724
2025-03-17,1.4589999914169312,5675.1201171875,7.237100124359131,1.4839287117661988,-0.016799136071433685,-1.6799136071433685
2025-03-18,1.4769999980926514,5614.66015625,7.232699871063232,1.4672270229410227,0.006660847298217698,0.6660847298217698
2025-03-19,1.4670000076293943,5675.2900390625,7.22730016708374,1.4819636538449519,-0.010097174904886819,-1.0097174904886819
2025-03-20,1.49399995803833,5662.89013671875,7.230000019073486,1.4792781188341766,0.009952042835430941,0.9952042835430941
2025-03-21,1.4859999418258667,5667.56005859375,7.247700214385986,1.4841225063304868,0.0012650138296343982,0.12650138296343982
2025-03-24,1.503999948501587,5767.56982421875,7.248499870300293,1.510477968517838,-0.004288721948462193,-0.4288721948462193
2025-03-25,1.527999997138977,5776.64990234375,7.252999782562256,1.5137951545864996,0.009383596260986504,0.9383596260986504
2025-03-26,1.5169999599456787,5712.2001953125,7.256899833679199,1.4977107501801201,0.012879128872673729,1.2879128872673729
2025-03-27,1.5,5693.31005859375,7.256899833679199,1.492757849394314,0.004851524049010569,0.48515240490105693
2025-03-28,1.4900000095367432,5580.93994140625,7.263299942016602,1.4645854881630098,0.01735270599028671,1.735270599028671
2025-03-31,1.4459999799728394,5611.85009765625,7.262800216674805,1.4725958028293773,-0.018060504318590298,-1.8060504318590298
2025-04-01,1.4700000286102295,5633.06982421875,7.256700038909912,1.476922493410903,-0.004687087393927092,-0.4687087393927092
2025-04-02,1.4730000495910645,5670.97021484375,7.269700050354004,1.4895231492188747,-0.011092878708515053,-1.1092878708515053
2025-04-03,1.4450000524520874,5396.52001953125,7.267499923706055,1.4170077551540203,0.01975451241974646,1.9754512419746462
2025-04-07,1.3009999990463257,5062.25,7.281300067901611,1.331759847502975,-0.02309714361363535,-2.309714361363535
2025-04-08,1.3530000448226929,4982.77001953125,7.30810022354126,1.3156753442143405,0.028369233164159402,2.83692331641594
2025-04-09,1.3029999732971191,5456.89990234375,7.338799953460693,1.4469197201530053,-0.09946629716309852,-9.946629716309852
2025-04-10,1.4329999685287476,5268.0498046875,7.349999904632568,1.3989770961416514,0.024319820875502884,2.4319820875502884
2025-04-11,1.4010000228881836,5363.35986328125,7.314000129699707,1.417311464319965,-0.011508720448830667,-1.1508720448830667
2025-04-14,1.4259999990463257,5405.97021484375,7.291600227355957,1.4241964440053696,0.001266366763200022,0.1266366763200022
2025-04-15,1.4199999570846558,5396.6298828125,7.31190013885498,1.4256938757274413,-0.0039937876845268505,-0.39937876845268505
2025-04-16,1.4019999504089355,5275.7001953125,7.31190013885498,1.3937463976520075,0.0059218468803452495,0.592184688034525
2025-04-17,1.3980000019073486,5282.7001953125,7.31190013885498,1.3955956734679897,0.0017227972865410113,0.17227972865410113
2025-04-18,1.3919999599456787,5282.7001953125,7.31190013885498,1.3955956734679897,-0.002576472248137507,-0.2576472248137507
2025-04-21,1.375,5158.2001953125,7.31190013885498,1.362704982169449,0.009022508900625725,0.9022508900625725
2025-04-22,1.371999979019165,5287.759765625,7.298999786376953,1.3944677207814176,-0.016112055824183735,-1.6112055824183735
2025-04-23,1.409999966621399,5375.85986328125,7.311800003051758,1.4201873554371343,-0.007173271031271522,-0.7173271031271522
2025-04-24,1.4040000438690186,5484.77001953125,7.285999774932861,1.443846333031296,-0.02759731991604808,-2.759731991604808
2025-04-25,1.444000005722046,5525.2099609375,7.285999774932861,1.4544920047549037,-0.007213514408163313,-0.7213514408163313
2025-04-28,1.444000005722046,5528.75,7.286399841308594,1.4555038232874378,-0.007903667019856453,-0.7903667019856453
2025-04-29,1.4450000524520874,5560.830078125,7.294000148773193,1.4654762723374297,-0.0139723994662041,-1.39723994662041
2025-04-30,1.4470000267028809,5569.06005859375,7.269000053405762,1.4626148288947165,-0.010675949596132273,-1.0675949596132273
2025-05-06,1.4600000381469729,5606.91015625,7.269999980926514,1.4727580510981586,-0.008662667260024626,-0.8662667260024626
2025-05-07,1.4609999656677246,5631.27978515625,7.216300010681152,1.4682333494573179,-0.004926590035750689,-0.49265900357506887
2025-05-08,1.47599995136261,5663.93994140625,7.225200176239014,1.4785701088881773,-0.0017382723417151968,-0.17382723417151968
2025-05-09,1.475000023841858,5659.91015625,7.225200176239014,1.4775181344783297,-0.0017042840813327187,-0.17042840813327187
2025-05-12,1.493000030517578,5844.18994140625,7.236299991607666,1.527968088250728,-0.0228853324896221,-2.28853324896221
2025-05-13,1.5049999952316284,5886.5498046875,7.2017998695373535,1.5317054941927708,-0.01743513949802511,-1.743513949802511
2025-05-14,1.5299999713897705,5892.580078125,7.205699920654297,1.5341049242513745,-0.0026757966790356136,-0.26757966790356136
2025-05-15,1.5190000534057615,5916.93017578125,7.205699920654297,1.5404443552349483,-0.013920854561420448,-1.3920854561420448
2025-05-16,1.5299999713897705,5958.3798828125,7.206500053405762,1.5514078391453734,-0.013798994188011782,-1.3798994188011782
2025-05-19,1.524999976158142,5963.60009765625,7.209000110626221,1.5533057291737005,-0.018222911616128545,-1.8222911616128545
2025-05-20,1.5410000085830688,5940.4599609375,7.209000110626221,1.5472785465406425,-0.0040577942294947045,-0.40577942294947045
2025-05-21,1.5290000438690186,5844.60986328125,7.219399929046631,1.5245091180192472,0.0029458176384056234,0.29458176384056234
2025-05-22,1.5160000324249268,5842.009765625,7.201900005340576,1.5201371212004244,-0.0027215234190390847,-0.27215234190390847
2025-05-23,1.5099999904632568,5802.81982421875,7.203700065612793,1.5103169866017618,-0.00020988715701220073,-0.020988715701220073
2025-05-26,1.5149999856948853,5802.81982421875,7.203700065612793,1.5103169866017618,0.00310067299425687,0.310067299425687
2025-05-27,1.5180000066757202,5921.5400390625,7.203700065612793,1.541216646174712,-0.015063839049893057,-1.5063839049893057
2025-05-28,1.5299999713897705,5888.5498046875,7.203700065612793,1.5326301808220257,-0.001716140961575241,-0.1716140961575241
2025-05-29,1.5470000505447388,5912.169921875,7.203700065612793,1.5387778582089604,0.005343326388481007,0.5343326388481007
2025-05-30,1.52400004863739,5911.68994140625,7.203700065612793,1.5386529322803344,-0.009523189626154616,-0.9523189626154616
2025-06-03,1.5290000438690186,5970.3701171875,7.203700065612793,1.5539257942584557,-0.016040502372464904,-1.6040502372464904
2025-06-04,1.5440000295639038,5970.81005859375,7.203700065612793,1.5540402991024964,-0.00646075236555399,-0.646075236555399
2025-06-05,1.5410000085830688,5939.2998046875,7.203700065612793,1.5458390326202736,-0.003130354412776315,-0.3130354412776315
2025-06-06,1.5390000343322754,6000.35986328125,7.175000190734863,1.5555093037754615,-0.010613417356691857,-1.0613417356691857
2025-06-09,1.5479999780654907,6005.8798828125,7.188600063323975,1.5598913980569868,-0.007623235826742958,-0.7623235826742958
2025-06-10,1.5499999523162842,6038.81005859375,7.180200099945068,1.566611520572516,-0.010603501913582947,-1.0603501913582947
2025-06-11,1.5549999475479126,6022.240234375,7.180200099945068,1.5623129125250557,-0.004680858052516279,-0.4680858052516279
2025-06-12,1.5509999990463257,6045.259765625,7.192800045013428,1.5710367830003737,-0.012753860489365332,-1.2753860489365332
2025-06-13,1.5390000343322754,5976.97021484375,7.192800045013428,1.5532897546953257,-0.009199648887050826,-0.9199648887050826
2025-06-16,1.5509999990463257,6033.10986328125,7.181000232696533,1.5653071659300313,-0.009140165710034953,-0.9140165710034953
2025-06-17,1.5509999990463257,5982.72021484375,7.178999900817871,1.5518010427133748,-0.0005162025575446982,-0.051620255754469824
2025-06-18,1.5479999780654907,5980.8701171875,7.184500217437744,1.5525097353364723,-0.0029048173858982063,-0.2904817385898206
2025-06-19,1.5410000085830688,5980.8701171875,7.188799858093262,1.553438851318672,-0.008007294735189796,-0.8007294735189796
2025-06-20,1.5470000505447388,5967.83984375,7.188000202178955,1.5498820161715936,-0.001859474203058098,-0.1859474203058098
2025-06-23,1.5420000553131104,6025.169921875,7.188000202178955,1.5647709641658507,-0.01455223120457061,-1.455223120457061
2025-06-24,1.5720000267028809,6092.18017578125,7.178999900817871,1.5801928236120935,-0.005184681759587417,-0.5184681759587417
2025-06-25,1.5740000009536743,6092.16015625,7.171299934387207,1.578492772058449,-0.0028462411639147422,-0.2846241163914742
2025-06-26,1.5770000219345093,6141.02001953125,7.176400184631348,1.5922841079846073,-0.009598843556533065,-0.9598843556533065
2025-06-27,1.590000033378601,6173.06982421875,7.167500019073486,1.5986091367950974,-0.005385371081861767,-0.5385371081861767
2025-06-30,1.597000002861023,6204.9501953125,7.172100067138672,1.6078963116612717,-0.006776748426638668,-0.6776748426638668
2025-07-01,1.5950000286102295,6198.009765625,7.163599967956543,1.6041943438219353,-0.005731422285033538,-0.5731422285033538
2025-07-02,1.6050000190734863,6227.419921875,7.164500236511231,1.6120089612285335,-0.00434795483376571,-0.43479548337657103
2025-07-03,1.6080000400543213,6279.35009765625,7.164899826049805,1.6255420889288728,-0.010791507026502445,-1.0791507026502445
2025-07-04,1.6130000352859497,6279.35009765625,7.164899826049805,1.6255420889288728,-0.007715612981259334,-0.7715612981259334
2025-07-07,1.6119999885559082,6229.97998046875,7.164899826049805,1.6127615937859778,-0.0004722367106236858,-0.04722367106236858
2025-07-08,1.6100000143051147,6225.52001953125,7.1743998527526855,1.6137438880408996,-0.002319992511531699,-0.23199925115316988
2025-07-09,1.6069999933242798,6263.259765625,7.173799991607666,1.6233908251326812,-0.010096664065513461,-1.009666406551346
2025-07-10,1.6119999885559082,6280.4599609375,7.179999828338623,1.629255830419809,-0.010591241437788557,-1.0591241437788557
2025-07-11,1.6130000352859497,6259.75,7.174799919128418,1.6227072709258636,-0.005982123710073339,-0.5982123710073339
2025-07-14,1.6030000448226929,6268.56005859375,7.168099880218506,1.6234736271355137,-0.012610973144629889,-1.261097314462989
2025-07-15,1.621000051498413,6243.759765625,7.166999816894531,1.6168025181865218,0.0025961941948231537,0.2596194194823154
2025-07-16,1.6080000400543213,6263.7001953125,7.172900199890137,1.623301349112794,-0.009426043455723954,-0.9426043455723954
2025-07-17,1.6169999837875366,6297.35986328125,7.178500175476074,1.6332987356206665,-0.009979039031666304,-0.9979039031666304
2025-07-18,1.6269999742507937,6296.7900390625,7.183199882507324,1.6342201555583808,-0.004418120338945508,-0.4418120338945508
2025-07-21,1.6260000467300415,6305.60009765625,7.177700042724609,1.6352536534750264,-0.005658820407048348,-0.5658820407048348
2025-07-22,1.6239999532699585,6309.6201171875,7.17549991607666,1.6357946177927234,-0.0072103578251652145,-0.7210357825165215
2025-07-23,1.628999948501587,6358.91015625,7.174300193786621,1.648297623866427,-0.011707640104202444,-1.1707640104202444
2025-07-24,1.6360000371932983,6363.35009765625,7.1595001220703125,1.6460458091303567,-0.006102972275337737,-0.6102972275337737
2025-07-25,1.6430000066757202,6388.64013671875,7.153500080108643,1.6512027782822265,-0.0049677554534154345,-0.49677554534154345
2025-07-28,1.656000018119812,6389.77001953125,7.153500080108643,1.6514948068828688,0.0027279596751785817,0.2727959675178582
2025-07-29,1.652999997138977,6370.85986328125,7.177800178527832,1.6522007495820918,0.00048374724263222646,0.048374724263222646
2025-07-30,1.6469999551773071,6362.89990234375,7.176400184631348,1.6498145850324248,-0.0017060279868130745,-0.17060279868130745
2025-07-31,1.659999966621399,6339.39013671875,7.176400184631348,1.6437188181943307,0.009905069070726746,0.9905069070726746
2025-08-01,1.6380000114440918,6238.009765625,7.200200080871582,1.6227963189479673,0.009368823627835754,0.9368823627835754
2025-08-04,1.6169999837875366,6329.93994140625,7.211599826812744,1.6493187939766216,-0.019595247630181944,-1.9595247630181944
2025-08-05,1.6399999856948853,6299.18994140625,7.177999973297119,1.6336595468768595,0.0038811261686360066,0.38811261686360066
2025-08-06,1.6360000371932983,6345.06005859375,7.1834001541137695,1.6467936951071198,-0.006554347363541102,-0.6554347363541102
2025-08-07,1.6419999599456787,6340.0,7.182799816131592,1.6453428923843945,-0.0020317542648337072,-0.20317542648337072
2025-08-08,1.6410000324249268,6389.4501953125,7.181000232696533,1.657760658055739,-0.010110401371491995,-1.0110401371491995
2025-08-11,1.656000018119812,6373.4501953125,7.181000232696533,1.6536094134700388,0.001445688824881941,0.1445688824881941
2025-08-12,1.652999997138977,6445.759765625,7.187699794769287,1.673930582044741,-0.012503854777655588,-1.2503854777655588
2025-08-13,1.6660000085830688,6466.580078125,7.178500175476074,1.6771881065548762,-0.006670747263280319,-0.6670747263280319
2025-08-14,1.6660000085830688,6468.5400390625,7.174300193786621,1.6767148637557172,-0.00639038598885433,-0.639038598885433
2025-08-15,1.6770000457763672,6449.7998046875,7.179500102996826,1.6730689508776215,0.002349631135455388,0.23496311354553878
2025-08-18,1.6649999618530271,6449.14990234375,7.181700229644775,1.6734130201856736,-0.005027484686185302,-0.5027484686185302
2025-08-19,1.6610000133514404,6411.3701171875,7.184599876403809,1.6642816848633761,-0.001971824566587732,-0.1971824566587732
2025-08-20,1.6519999504089355,6395.77978515625,7.181900024414063,1.6596108138233485,-0.004585932648196844,-0.45859326481968443
2025-08-21,1.6510000228881836,6370.169921875,7.1757001876831055,1.6515384942859173,-0.0003260422930477791,-0.03260422930477791
2025-08-22,1.6430000066757202,6466.91015625,7.179900169372559,1.6776008283475354,-0.020625181561157002,-2.0625181561157
2025-08-25,1.662999987602234,6439.31982421875,7.167500019073486,1.667558572779415,-0.0027336881903842203,-0.27336881903842203
2025-08-26,1.6579999923706057,6465.93994140625,7.151000022888184,1.6705975667665895,-0.0075407594543347445,-0.7540759454334744
2025-08-27,1.6660000085830688,6481.39990234375,7.151999950408936,1.674826098271328,-0.00526985440301464,-0.526985440301464
2025-08-28,1.6649999618530271,6501.85986328125,7.152999877929688,1.6803479524514744,-0.009133816943125317,-0.9133816943125317
2025-08-29,1.6649999618530271,6460.259765625,7.152999877929688,1.669596776574364,-0.002753248440481859,-0.2753248440481859
2025-09-01,1.6549999713897705,6460.259765625,7.13040018081665,1.6643217336419704,-0.005600937645512505,-0.5600937645512505
2025-09-02,1.656999945640564,6415.5400390625,7.13040018081665,1.6528008326966979,0.002540604324971829,0.2540604324971829
2025-09-03,1.6510000228881836,6448.259765625,7.138999938964844,1.6632337977515266,-0.0073554150233607896,-0.735541502336079
2025-09-04,1.656999945640564,6502.080078125,7.14139986038208,1.6776797530060839,-0.012326433175619878,-1.2326433175619878
2025-09-05,1.6710000038146973,6481.5,7.14139986038208,1.6723696399390742,-0.0008189793043760218,-0.08189793043760218
2025-09-08,1.6640000343322754,6495.14990234375,7.132500171661377,1.6738031011241692,-0.005856762235241342,-0.5856762235241342
2025-09-09,1.6679999828338623,6512.60986328125,7.129300117492676,1.6775495569702414,-0.005692573490124642,-0.5692573490124642
2025-09-10,1.6740000247955322,6532.0400390625,7.1209001541137695,1.6805720375804587,-0.003910580824841192,-0.3910580824841192
2025-09-11,1.6759999990463257,6587.47021484375,7.120699882507324,1.6947855213801368,-0.011084306596219506,-1.1084306596219506
2025-09-12,1.687000036239624,6584.2900390625,7.118400096893311,1.6934202407267454,-0.0037912647627065255,-0.37912647627065255
2025-09-15,1.6920000314712524,6615.27978515625,7.124199867248535,1.702776745798448,-0.0063289062137985574,-0.6328906213798557
2025-09-16,1.6959999799728394,6606.759765625,7.118500232696533,1.699223155455563,-0.0018968523777322943,-0.18968523777322943
2025-09-17,1.690999984741211,6600.35009765625,7.114200115203857,1.696549158604937,-0.0032708594593799933,-0.32708594593799933
2025-09-18,1.6970000267028809,6631.9599609375,7.103300094604492,1.7020623185186896,-0.002974210615398931,-0.2974210615398931
2025-09-19,1.6990000009536743,6664.35986328125,7.1128997802734375,1.7126890790314004,-0.007992739747875288,-0.7992739747875288
2025-09-22,1.7059999704360962,6693.75,7.1128997802734375,1.7202421174660116,-0.00827915261771095,-0.827915261771095
2025-09-23,1.718999981880188,6656.919921875,7.113999843597412,1.7110416559895436,0.00465115846992159,0.465115846992159
2025-09-24,1.7109999656677246,6637.97021484375,7.111599922180176,1.705595394248212,0.003168730073813686,0.3168730073813686
2025-09-25,1.7050000429153442,6604.72021484375,7.131499767303467,1.701800692758336,0.0018799793481236726,0.18799793481236726
2025-09-26,1.7009999752044678,6643.7001953125,7.133800029754639,1.71239659737637,-0.006655363710348028,-0.6655363710348028
2025-09-29,1.7109999656677246,6661.2099609375,7.132800102233887,1.7166690392394977,-0.003302368390289412,-0.3302368390289412
2025-09-30,1.715000033378601,6688.4599609375,7.119400024414063,1.720453448274881,-0.003169754405007663,-0.3169754405007663
2025-10-09,1.7369999885559082,6735.10986328125,7.118500232696533,1.732234111760836,0.002751289079642838,0.2751289079642838
2025-10-10,1.7300000190734863,6552.509765625,7.127500057220459,1.6874010113297042,0.025245337331055273,2.5245337331055273
2025-10-13,1.7050000429153442,6654.72021484375,7.099999904632568,1.7071101427750308,-0.0012360654458162257,-0.12360654458162257
2025-10-14,1.6950000524520874,6644.31005859375,7.099999904632568,1.7044396648663416,-0.005538249671627082,-0.5538249671627082
2025-10-15,1.712000012397766,6671.06005859375,7.138400077819824,1.720557273906661,-0.004973540630510476,-0.49735406305104757
2025-10-16,1.718999981880188,6629.06982421875,7.126200199127197,1.706805411697989,0.007144675133217149,0.7144675133217149
2025-10-17,1.687999963760376,6664.009765625,7.123000144958496,1.7150310086813163,-0.01576125725080879,-1.5761257250808791
2025-10-20,1.718999981880188,6735.1298828125,7.126399993896484,1.7341616145509946,-0.008742917928518557,-0.8742917928518557
2025-10-21,1.7269999980926514,6735.35009765625,7.119500160217285,1.7325392323605586,-0.0031971768168044257,-0.31971768168044257
2025-10-22,1.74399995803833,6699.39990234375,7.121799945831299,1.7238484047658171,0.011689863921213295,1.1689863921213295
2025-10-23,1.7380000352859497,6738.43994140625,7.125699996948242,1.734843465345518,0.0018195128283824413,0.18195128283824413
2025-10-24,1.7337000370025637,6791.68994140625,7.125699996948242,1.7485529315324897,-0.008494392284086216,-0.8494392284086216
2025-10-27,1.7970000505447388,6875.16015625,7.121099948883057,1.76890007188983,0.015885565895696896,1.5885565895696896
2025-10-28,1.787999987602234,6890.89013671875,7.110199928283691,1.7702334271643498,0.010036281184873763,1.0036281184873763
2025-10-29,1.8240000009536743,6890.58984375,7.098800182342529,1.767318201272901,0.03207220954322132,3.207220954322132
2025-10-30,1.809999942779541,6822.33984375,7.098999977111816,1.749862494225063,0.03436695669113732,3.436695669113732
2025-10-31,1.7979999780654907,6840.2001953125,7.109799861907959,1.757112575652429,0.023269654420337682,2.326965442033768
2025-11-03,1.8020000457763672,6851.97021484375,7.116899967193604,1.7618937976500657,0.022763147347356183,2.2763147347356183
2025-11-04,1.774999976158142,6771.5498046875,7.171800136566162,1.754646578701672,0.011599713414384816,1.1599713414384816
2025-11-05,1.7669999599456787,6796.2900390625,7.129499912261963,1.7506703293208417,0.009327644589242512,0.9327644589242512
2025-11-06,1.787999987602234,6720.31982421875,7.125999927520752,1.7302511804509628,0.033375967491737324,3.3375967491737324
2025-11-07,1.7730000019073486,6728.7998046875,7.118599891662598,1.7306354271022286,0.024479202344803053,2.4479202344803053
2025-11-10,1.8009999990463257,6832.43017578125,7.118599891662598,1.7572889755424208,0.024874123785140423,2.4874123785140423
2025-11-11,1.8179999589920044,6846.60986328125,7.11929988861084,1.7611091251499253,0.03230397993493783,3.230397993493783
2025-11-12,1.8350000381469729,6850.919921875,7.11929988861084,1.76221777361551,0.04130151540926574,4.130151540926574
2025-11-13,1.8489999771118164,6737.490234375,7.11929988861084,1.7330409895270096,0.06691070106567709,6.691070106567709
2025-11-14,1.807999968528748,6734.10986328125,7.111999988555908,1.7303953658963094,0.044847902486285784,4.4847902486285784
2025-11-17,1.8040000200271609,6672.41015625,7.099199771881104,1.7114551826047144,0.054073772052622315,5.4073772052622315
2025-11-18,1.741000056266785,6617.31982421875,7.107500076293945,1.6993091541165484,0.02453403022589562,2.453403022589562
2025-11-19,1.7400000095367432,6642.16015625,7.107500076293945,1.7056880816481312,0.02011617965663315,2.011617965663315
2025-11-20,1.7949999570846558,6538.759765625,7.107500076293945,1.679135151610624,0.06900266804783062,6.900266804783062
2025-11-21,1.743000030517578,6602.990234375,7.107500076293945,1.695629355672003,0.02793692777676715,2.793692777676715
2025-11-24,1.7710000276565552,6705.1201171875,7.106599807739258,1.7216379246896498,0.028671593637090487,2.8671593637090487
2025-11-25,1.7940000295639038,6765.8798828125,7.102200031280518,1.7361633413152315,0.03331293022513537,3.3312930225135373
2025-11-26,1.8270000219345093,6812.60986328125,7.084499835968018,1.7437977472110884,0.047713259669298846,4.771325966929885
2025-11-27,1.8279999494552608,6812.60986328125,7.075799942016602,1.7416563320336285,0.04957557689972858,4.957557689972858
2025-11-28,1.840000033378601,6849.08984375,7.075799942016602,1.7509825066203029,0.050838615703886925,5.0838615703886925
2025-12-01,1.83899998664856,6812.6298828125,7.075099945068359,1.7414891504355816,0.05599278995714041,5.599278995714041
2025-12-02,1.8279999494552608,6829.3701171875,7.071700096130371,1.744929492271677,0.04760677010246228,4.760677010246228
2025-12-03,1.8459999561309812,6849.72021484375,7.070000171661377,1.7497083147511518,0.055032967819852896,5.50329678198529
2025-12-04,1.840999960899353,6857.1201171875,7.063600063323975,1.7500129305661511,0.05199220459689191,5.199220459689191
2025-12-05,1.837000012397766,6870.39990234375,7.071400165557861,1.7553383031796919,0.04652192062928773,4.652192062928773
2025-12-08,1.8279999494552608,6846.509765625,7.0696001052856445,1.7487892667881317,0.04529458418543997,4.529458418543997
2025-12-09,1.8040000200271609,6840.509765625,7.071000099182129,1.747602709178788,0.03227124251533953,3.2271242515339527
2025-12-10,1.812000036239624,6886.68017578125,7.063300132751465,1.7574823562265678,0.031020328494283822,3.102032849428382
2025-12-11,1.8040000200271609,6901.0,7.064000129699707,1.761311313258102,0.024236888985907035,2.4236888985907035
2025-12-12,1.830000042915344,6827.41015625,7.057899951934815,1.7410245310275536,0.05110526032351603,5.110526032351603
2025-12-15,1.815999984741211,6816.509765625,7.053999900817871,1.7372843570765877,0.04530958178722222,4.530958178722222
2025-12-16,1.7990000247955322,6800.259765625,7.046999931335449,1.7314229459789825,0.039029792791812845,3.9029792791812845
2025-12-17,1.809000015258789,6721.43017578125,7.0416998863220215,1.7100649350281731,0.05785457511236913,5.785457511236913
2025-12-18,1.7910000085830688,6774.759765625,7.043000221252441,1.7239513283791643,0.03889244382957302,3.889244382957302
2025-12-19,1.807999968528748,6834.5,7.040500164031982,1.7385358856114743,0.03995550709776796,3.995550709776796
2025-12-22,1.830000042915344,6878.490234375,7.040900230407715,1.7498253911929047,0.04581865832212095,4.581865832212095
2025-12-23,1.8270000219345093,6909.7900390625,7.040900230407715,1.7577877769949313,0.03937463091130455,3.9374630911304553
2025-12-24,1.8329999446868896,6932.0498046875,7.027999877929688,1.7602194613251276,0.041347391595688565,4.1347391595688565
2025-12-25,1.8350000381469729,6932.0498046875,7.027999877929688,1.7602194613251276,0.04248366664776504,4.248366664776504
2025-12-26,1.8359999656677248,6929.93994140625,7.027999877929688,1.759683714682644,0.04336930003290074,4.336930003290074
2025-12-29,1.812999963760376,6905.740234375,7.027999877929688,1.7535388085618067,0.0339092325235375,3.3909232523537503
2025-12-30,1.809999942779541,6896.240234375,7.0055999755859375,1.7455452673047707,0.03692523859566954,3.692523859566954
2025-12-31,1.807999968528748,6845.5,6.996099948883057,1.730352476501778,0.04487380061659385,4.487380061659385
2026-01-05,1.8279999494552608,6902.0498046875,6.993100166320801,1.7438986298718868,0.04822603684799742,4.822603684799742
2026-01-06,1.830000042915344,6944.81982421875,6.98799991607666,1.7534253164739846,0.04367150726176683,4.367150726176683
2026-01-07,1.825000047683716,6920.93017578125,6.983399868011475,1.7462433964703743,0.04510061505316498,4.510061505316498
2026-01-08,1.815999984741211,6921.4599609375,6.996500015258789,1.7496530939626445,0.037920025979723215,3.7920025979723215
2026-01-09,1.8200000524520876,6966.27978515625,6.983500003814697,1.7577109140862242,0.035437646695301694,3.5437646695301694
2026-01-12,1.8170000314712524,6977.27001953125,6.977200031280518,1.7588957650231467,0.03303451381460398,3.3034513814603983
2026-01-13,1.8279999494552608,6963.740234375,6.973100185394287,1.754453515822411,0.04191985308791413,4.191985308791413
2026-01-14,1.8179999589920044,6926.60009765625,6.977499961853027,1.7461974761504302,0.04111933720112004,4.111933720112004
2026-01-15,1.8209999799728396,6944.47021484375,6.9730000495910645,1.749573477988187,0.04082509416339852,4.082509416339852
2026-01-16,1.8240000009536743,6940.009765625,6.966000080108643,1.7466945107203236,0.044258162923676014,4.425816292367601
2026-01-19,1.8049999475479128,6940.009765625,6.968100070953369,1.7472210743779268,0.03306901113847727,3.3069011138477267
2026-01-20,1.8020000457763672,6796.85986328125,6.968100070953369,1.7111815680059042,0.053073548399832804,5.30735483998328
2026-01-21,1.805999994277954,6875.6201171875,6.95989990234375,1.7289732175150574,0.04455058990075189,4.455058990075189
2026-01-22,1.825000047683716,6913.35009765625,6.963699817657471,1.73941011405543,0.049206298696707895,4.9206298696707895
2026-01-23,1.8049999475479128,6915.60986328125,6.972599983215332,1.7422025067256082,0.03604485734573393,3.6044857345733927
2026-01-26,1.7910000085830688,6950.22998046875,6.972599983215332,1.7509241171315744,0.02288842278164993,2.288842278164993
2026-01-27,1.807999968528748,6978.60009765625,6.95419979095459,1.7534317835167097,0.031120791538633785,3.1120791538633785
2026-01-28,1.8170000314712524,6978.02978515625,6.954500198364258,1.75336422624718,0.03629354601369705,3.6293546013697053
2026-01-29,1.809000015258789,6969.009765625,6.954500198364258,1.7510977728136066,0.03306625326360102,3.306625326360102
2026-01-30,1.8029999732971191,6939.02978515625,6.947999954223633,1.7419350479082694,0.03505579927459235,3.5055799274592347
2026-02-02,1.756999969482422,6976.43994140625,6.951000213623047,1.752082534508243,0.002806622905786371,0.2806622905786371
2026-02-03,1.784999966621399,6917.81005859375,6.946300029754639,1.7361832817297778,0.028117241656067993,2.8117241656067993
2026-02-04,1.7869999408721924,6882.72021484375,6.937699794769287,1.7252380094347428,0.035799078793589345,3.5799078793589345
2026-02-05,1.7799999713897705,6798.39990234375,6.937699794769287,1.7041020917232137,0.04453834076913066,4.453834076913066
2026-02-06,1.7480000257492063,6932.2998046875,6.93779993057251,1.7376908208003066,0.005932703807546069,0.5932703807546069
2026-02-09,1.7869999408721924,6932.2998046875,6.930900096893311,1.7359626392774357,0.029400000000000093,2.9400000000000093
