date,smh_drop,qqq_immediate,qqq_5d_cum,qqq_21d_cum,smh_5d_cum,drop_group
2001-07-17,-7.937898763288986,2.2432564378646935,-4.009174261982262,-3.7694366182923655,-0.9099192833188172,<-7%
2001-07-24,-4.423208722437666,-1.132752560320116,2.6926366230802246,-9.604929505884986,4.744437468754037,-5%~-3%
2001-08-06,-3.8530261876891903,-1.5747950160062918,-6.8416405464140295,-18.881163697186786,-8.797059637748218,-5%~-3%
2001-08-09,-5.484611485824187,0.41975921997958743,-3.414517844464837,-17.610930542606283,-2.36688952408084,-7%~-5%
2001-08-16,-4.9194435081841625,1.1764289706926334,-3.424567308529725,-28.831829075509308,-7.720084109821134,-5%~-3%
2001-08-30,-5.837839487436636,-3.70078864359934,-10.03807614761809,-17.007289030008167,-11.295124814961232,-7%~-5%
2001-09-17,-7.808569846961455,-8.504378039828309,-18.514786139692177,2.2395169096022562,-32.79874483321312,<-7%
2001-09-19,-7.0441966389988675,-1.7377492698105956,-2.42564745835685,7.435772544660868,-12.891714478194018,<-7%
2001-09-20,-6.12184629978918,-3.3366541351122825,-4.155922929140321,11.885379796892881,-4.731089203753714,-7%~-5%
2001-09-21,-10.731242080638982,-2.692442605648615,-1.481950106382024,15.882076450160287,-6.054039602867623,<-7%
2001-09-27,-7.4447966989030885,-0.6626813123539854,8.107731206100887,26.08573568533138,-13.090850478599291,<-7%
2001-10-02,-3.24762889653879,0.31323775905585105,10.62970472452769,16.299050285995342,9.015346701772641,-5%~-3%
2001-10-03,-3.1468517710698696,7.564220011380773,7.899662286016351,17.543701501131537,18.51297559831143,-5%~-3%
2001-10-10,-5.911765379064226,4.53517678602533,12.065861408741096,21.645152095600917,6.513480516832672,-7%~-5%
2001-10-18,-9.210526315789469,2.7118579824214173,8.74274314619392,20.28567616445759,-5.537663228280909,<-7%
2001-10-19,-3.4782630809839232,0.6600425181551239,10.044432959298177,17.29517465574226,4.233089302257209,-5%~-3%
2001-10-30,-6.578947368421051,-1.938926842051969,7.860874461368672,13.55338332565065,4.7140480889887755,-7%~-5%
2001-11-09,-3.475360968353791,-0.05293107782889939,4.549388864667947,8.947793563637266,4.1188223644683335,-5%~-3%
2001-11-12,-3.5758342545521793,0.7156047449690561,4.323676416202938,9.561647427304644,6.672520863201271,-5%~-3%
2001-11-21,-4.161712322833166,-0.5178648257428198,0.45874280607879303,1.145294358054505,2.3976447913554804,-5%~-3%
2001-12-10,-3.503931876263189,-1.749291691417787,-3.8387621421732137,-1.0361898077377196,-8.714055032421765,-5%~-3%
2001-12-14,-3.5794234038244443,0.8802534810930629,-2.3356162338522672,1.8309679544849962,-3.65040255908875,-5%~-3%
2001-12-19,-3.833438834912939,-1.8176898428982735,-3.7490651622764997,-6.194067052511631,-8.338793210661777,-5%~-3%
2001-12-21,-5.02325545909793,1.7788042733394738,3.9205446365140117,-0.4601552370291362,1.3541514082782373,-7%~-5%
2002-01-16,-3.3111148410373215,-3.867088928515028,-4.6267394253664,-8.523048004537236,-7.294034592260035,-5%~-3%
2002-01-18,-3.9772727272727293,-2.6734262503377626,-1.9585058748689659,-12.956516758216408,-3.9150610520170215,-5%~-3%
2002-01-30,-3.504825022289537,0.7635226813591744,-4.421089205327455,-11.220680342607437,-0.6560475934514698,-5%~-3%
2002-02-08,-3.4013606619062275,2.7848429446061918,4.754809408465366,9.73483684040507,3.7079086013701468,-5%~-3%
2002-02-22,-4.031115413212127,0.5077666121231728,0.9995999064245527,9.663196592946809,-0.7869725175357445,-5%~-3%
2002-02-28,-3.0023077597375103,-1.8023002590412451,9.152909146385003,5.2192999129087365,9.46854832535723,-5%~-3%
2002-03-12,-4.392922366989871,-1.3755230241721539,-2.822032313076228,-12.560601537904159,-3.7675939349789633,-5%~-3%
2002-03-26,-3.540767736501005,0.927998094451965,-1.1919736943077015,-8.566279174072287,0.6565948440214964,-5%~-3%
2002-04-08,-4.84324687236064,1.251066052103278,-2.388200357204018,-16.571061556047862,-5.346349719175281,-5%~-3%
2002-04-10,-3.0242802537708613,0.744290798460967,4.81608418906736,-4.5802318431701785,2.0160462713176064,-5%~-3%
2002-04-25,-4.298645911952114,-0.24611992711223163,-2.8206586398108247,-0.21046747196936488,-6.003515594380892,-5%~-3%
2002-04-29,-4.867868576337986,0.2577036398706767,-4.168675225478613,1.3777360438725483,-7.699316853566319,-5%~-3%
2002-05-03,-4.321735860296172,-2.523758598814141,2.070957177301026,-3.9211998876677128,-1.0780350499367213,-5%~-3%
2002-05-06,-4.39146817317061,-2.5890936899542694,0.10359739456769113,-0.0861473410303164,2.488530129835087,-5%~-3%
2002-05-13,-3.8046219634229383,4.059544827459027,11.046107974387212,-6.779219182972229,8.493204067274883,-5%~-3%
2002-05-22,-3.5903368144969416,0.22343678198688544,-3.3214205786566975,-16.306865444632933,-9.852692607593827,-5%~-3%
2002-05-29,-3.2488300766009615,-2.6366542949113447,-5.632558610381477,-18.623614098622998,-10.422597274189837,-5%~-3%
2002-06-04,-5.019506545851704,1.3112939478232555,-2.4817039649325134,-18.32714058786783,-9.301763878464996,-7%~-5%
2002-06-07,-9.151195472470485,-2.0082757209119007,-4.170845666801792,-11.910554077198242,-9.620192466458068,<-7%
2002-06-12,-5.507250799648999,1.4566601281415403,5.60773832107524,-9.08218791356753,1.446193789126216,-7%~-5%
2002-06-14,-3.9705837474149797,-0.21679009058176435,-4.210630744659337,-6.7879201452484725,-3.755211549551607,-5%~-3%
2002-06-19,-3.5868007309332484,-5.789068068445557,-12.755551504118712,-14.831849045236869,-9.74909820903045,-5%~-3%
2002-06-21,-5.66616294750254,-2.418735404469141,-0.8182015962320266,-11.275701909307179,-2.812201542511417,-7%~-5%
2002-06-24,-4.870129990766703,1.9751979359590388,1.180831630731216,-13.130487316919915,1.8299623815536181,-5%~-3%
2002-06-26,-9.901307308054008,0.7462321421761731,-5.901146905273391,-12.155169277359146,-7.835915100435642,<-7%
2002-07-02,-4.651161464410292,-3.6216847644388706,-0.33869512580704253,-2.74916297340364,-1.1763994281030925,-5%~-3%
2002-07-03,-5.574914072949511,3.3402632529186294,0.20104425378512092,-3.823526789507237,2.8631402105876673,-7%~-5%
2002-07-09,-5.974437627687235,-2.8368266808160403,0.9517882651479797,-10.751526463964165,-5.102171917608034,-7%~-5%
2002-07-11,-6.153843545506133,3.7657279209642125,7.210513298214504,-0.12222645022046663,9.753695252264038,-7%~-5%
2002-07-18,-4.626444366443949,-3.5867081878443896,-7.865434290031215,-3.059743936073515,-19.03831634986387,-5%~-3%
2002-07-19,-5.276960335213232,-2.992314393868989,-10.078871736240991,1.219920465776302,-10.989812850388924,-7%~-5%
2002-07-24,-7.0671379997101935,5.446451998172486,8.665046963687338,15.162646532017089,-5.465750871994068,<-7%
2002-07-26,-5.69853345931185,1.887602030934632,2.4304955825785175,13.24768982702663,-1.1924907521927213,-7%~-5%
2002-08-02,-6.7164152548609195,-2.1116837295963586,3.902344593071893,4.136805378946516,-8.29040150950977,-7%~-5%
2002-08-05,-3.8000030517578276,-3.640477313572721,4.995800635423409,2.6299880861949,0.3876053393607406,-5%~-3%
2002-08-06,-4.324320337507914,4.943977688160017,8.936351902930317,6.667981894299167,3.586399888946,-5%~-3%
2002-08-23,-3.3158773760554427,-3.860895306104406,-9.280205894663641,-21.32754933490909,-17.911452194208465,-5%~-3%
2002-08-26,-3.2491028920224707,0.3976222205541946,-6.680388865501596,-17.419060058846,-12.87433278345561,-5%~-3%
2002-08-28,-8.296295448585788,-3.652031125194888,-6.813854798092289,-11.571844785942453,-14.879473688484623,<-7%
2002-08-29,-3.796448002294983,1.3202391318613893,-5.6255158067711974,-9.262414084881442,-8.008663894947865,-5%~-3%
2002-09-13,-5.000003178914403,0.7891076245738926,-5.4876497380181855,-1.830264878404063,-12.39777119744241,-7%~-5%
2002-09-18,-6.153844477056147,-1.1271435334179514,-5.258021339510566,3.5980247916998036,-18.83996677210016,-7%~-5%
2002-09-23,-3.37349765272027,-2.9995254458236364,-1.5348352223210182,12.404195973810705,-3.4754801077281465,-5%~-3%
2002-09-24,-6.48378696522649,0.04759396995868137,-1.3039673315038747,14.786198858753394,-1.859894982140431,-7%~-5%
2002-09-27,-4.278843376410646,-1.3426004241338774,-3.7513572790012666,14.366576735741274,-3.266576614642114,-5%~-3%
2002-10-04,-3.0845812311773857,-1.880376711834042,1.7759488611416518,20.426497483491133,-12.305713022282271,-5%~-3%
2002-10-07,-3.5934233677628713,-0.9336811312613214,9.064342804663516,24.88114692027832,-0.3046533208416182,-5%~-3%
2002-10-09,-5.177115766704765,-0.6930297670247221,15.774000493416507,27.806334940825902,18.778249941435668,-7%~-5%
2002-10-16,-5.656933242711071,-3.3105764943695326,2.5719822632148115,7.400852987224515,-1.5649928098819381,-7%~-5%
2002-10-25,-3.030306283029227,3.002454675861621,2.459673982763544,15.099870935872117,5.051130225081712,-5%~-3%
2002-11-08,-5.780346650864954,-1.840204976640769,2.3303429771363904,-0.5944208412877119,-7.689528721583238,-7%~-5%
2002-11-12,-3.742202274765105,2.5504194049379647,7.02969673214856,6.25280427579038,6.591434525102479,-5%~-3%
2002-12-03,-4.910569850022228,-2.9642988512183277,-10.256990555817001,-9.262866380305699,-17.56855832730256,-5%~-3%
2002-12-04,-8.584132176912984,-2.2083119007371477,-5.785926046411349,-5.196153172380003,-16.720491993023003,<-7%
2002-12-06,-6.5712152100551595,1.030577174290359,-1.171976256583429,2.1506726826393106,-5.237616873175089,-7%~-5%
2002-12-10,-4.062503515742666,1.5067656581873257,2.583743115069592,6.117078241034747,-4.884267167008094,-5%~-3%
2002-12-13,-3.4563083093143376,-3.1708927785714103,-3.0085337442174565,5.02459698772364,-9.3293338322603,-5%~-3%
2002-12-18,-3.0976992739955467,-2.1211031835487004,-2.2086754486585702,-2.000023924259075,-6.09803948899642,-5%~-3%
2002-12-19,-4.13934526504992,-1.2607862166490236,-0.3636905320945183,-0.9852015801968035,-2.873487415299347,-5%~-3%
2002-12-31,-4.3683102402564895,-1.055614868496757,8.019234034288004,-0.054781283305414874,7.1015053518916575,-5%~-3%
2003-01-14,-3.5591214224893974,0.5196518194837685,-7.2378942760051075,-12.031975458810573,-13.092347682152651,-5%~-3%
2003-01-17,-5.91549777922451,-4.273854615176475,-6.157960276038775,-4.269720299411783,-7.243207861869151,-7%~-5%
2003-01-27,-4.642081259177811,-1.168401135717867,-1.4855485339484664,-0.010261898933783264,-9.620792504526866,-5%~-3%
2003-01-31,-9.407665215774653,-0.24495608471889474,-1.1801872752761011,0.8282063125320205,-7.378178218634935,<-7%
2003-03-04,-3.3474614523635204,-0.6084947823655873,-2.6044187167623134,3.642125146310172,-5.93370256133473,-5%~-3%
2003-03-07,-3.3112583339136803,0.2041782164829975,4.713242876051726,6.679559742065868,1.6312396646686822,-5%~-3%
2003-03-24,-3.639849613235746,-4.159042963691128,-3.985250257171102,1.2839779041141868,-5.589536769947834,-5%~-3%
2003-03-31,-3.0413625492325624,-3.182504444294554,-0.0018496525227673644,6.403163538096669,1.8857933406911882,-5%~-3%
2003-04-08,-4.003104537977576,-0.11500091480945995,-0.1703235928735225,8.296474512713191,-8.979344711791795,-5%~-3%
2003-04-09,-3.157897419241562,-2.3023984105568274,0.9051354159898772,6.573400123210637,-3.187483425593496,-5%~-3%
2003-05-20,-3.096540465737707,0.28890563161783067,5.039725349968194,11.263166698380193,-1.6378507093465,-5%~-3%
2003-06-03,-3.801651631505032,0.9466302822382477,0.553128795928981,2.7852693893219205,0.40365346147983594,-5%~-3%
2003-06-09,-4.177214173700672,-1.3275993708880662,-0.5126507054746821,7.194886173824311,-6.991783786794469,-5%~-3%
2003-06-23,-3.3898305084745783,-1.5470610977796118,-1.7743824347093207,3.3940807553756396,-2.6130863334672405,-5%~-3%
2003-08-06,-3.173637171191901,-0.06620902724553401,2.1500866022476695,12.387329311179029,-4.772104106863872,-5%~-3%
2003-08-11,-3.087203408654171,1.097456715437506,3.6139466363586115,12.665493029885464,3.707292816780361,-5%~-3%
2003-09-11,-3.692878353315565,1.11205739182767,2.9816468181553257,4.470974143054085,0.17218154435513222,-5%~-3%
2003-09-25,-3.8046405697876984,-1.2944156034028542,-0.1369225373364702,3.0169297282970793,-6.279220849130529,-5%~-3%
2003-10-16,-3.1048188080311845,0.7958801797910198,-1.6885107882680717,1.8427619048034805,-1.9356108530731553,-5%~-3%
2003-10-20,-4.080601765119008,1.2424098224322666,-1.1566336074912642,0.3756120504406435,-3.4341545585204303,-5%~-3%
2003-10-23,-3.730967420743858,-1.1570693415331568,2.208429312424165,-1.8343758002362986,3.879055125486053,-5%~-3%
2003-11-11,-3.106573649177591,-0.3694585064949907,-1.4102518326312374,-1.6071300072671657,-4.712562889619454,-5%~-3%
2003-11-17,-3.669721399350001,-1.0274932541081583,-2.2917941447170076,-0.35716575703038655,-5.002555997599711,-5%~-3%
2003-12-05,-3.233251122054037,-1.6559410971977773,-0.8649138545207768,4.859455200210294,-8.267586842982876,-5%~-3%
2003-12-10,-4.315334945229954,0.37758791006825554,1.2447935817819555,9.291681047697452,-3.919051980644195,-5%~-3%
2003-12-16,-4.9701268630717665,0.2012404886018171,2.264330590211161,9.452126990744723,-4.455419184638476,-5%~-3%
2004-02-20,-3.8443942239024587,-0.3245290826955016,-0.832661924632927,-6.0875113938799075,-5.493167670408538,-5%~-3%
2004-02-24,-3.9060653870016337,-0.24690361943060513,1.6441500988670699,-6.732915936864403,-1.973907118254059,-5%~-3%
2004-03-09,-4.322629611502404,-0.3075056574128654,-2.4454936358596524,3.5166332214446423,-4.9623344443113115,-5%~-3%
2004-03-22,-4.456971407945687,-1.266159830346647,1.3970985992157403,2.8230641054539434,1.413953697741543,-5%~-3%
2004-04-16,-3.6780990508644695,-0.16599327929041063,2.1792416151551808,-3.778041868797666,-7.3269033255543015,-5%~-3%
2004-05-17,-4.08822067048793,-0.9496214927768531,0.7848718235732965,5.647005719299125,-0.836113037532249,-5%~-3%
2004-06-18,-3.0187669201325873,0.13742988965510516,1.8187755082514245,-4.9446839683693575,1.8756842886229363,-5%~-3%
2004-07-02,-3.6601627590564623,-0.5939062282185215,-3.513201238415542,-5.616765790608558,-6.4520900443243105,-5%~-3%
2004-07-14,-4.073442222548074,-1.0125859533192783,-0.29728076992284747,-7.46928073441404,-7.056837940484862,-5%~-3%
2004-07-22,-5.173443819625501,1.366353012920607,-0.01934290684298956,-1.9729585872645061,-5.964541215784946,-7%~-5%
2004-08-04,-3.41255009841267,0.02923488798380891,-2.9644994632268666,0.254296186464642,-6.376283270223693,-5%~-3%
2004-08-06,-3.4761042731237923,-2.6190113811579097,-3.3646799401299776,1.74225910342225,-9.542253803499833,-5%~-3%
2004-08-25,-3.409088516460468,1.3790358847062034,-0.15050728400157753,2.5420583880506387,-4.228489308332017,-5%~-3%
2004-09-27,-4.841295937885626,-0.8620534580170536,3.7190642373974403,2.4912751946336464,-1.2951829043171825,-5%~-3%
2004-10-25,-3.39776183828443,-0.4747698925943178,3.0627673759629603,8.778824525141204,0.9157976198266193,-5%~-3%
2004-11-04,-4.974680046099089,0.5613425511401982,1.0171592378885652,7.094134979658183,-2.9937400944829218,-5%~-3%
2004-12-09,-4.072529597923646,0.6028845739404209,1.3057646635135756,-2.2076231444614236,-0.6086136606422761,-5%~-3%
2005-01-05,-3.561638427067282,-0.6189038351838261,-1.3429575150570083,-4.196668332277575,-5.718504822852777,-5%~-3%
2005-01-20,-3.0476161411830405,-1.9169486079125497,-2.4323536023552528,-1.506590887972148,-2.711786055266896,-5%~-3%
2005-10-28,-3.002650636179638,0.7626371993415759,4.933154058172196,8.885207610148427,3.06965103378668,-5%~-3%
2006-01-18,-3.3572561709962145,-1.1475249724749337,-2.9394709997145996,-3.5526270385654373,-3.9645845123768897,-5%~-3%
2006-03-07,-3.1372568965737146,-0.5841139571348242,-0.9969646960550138,2.8158869282276844,-5.687604590380958,-5%~-3%
2006-07-11,-3.0682574614862235,0.7494827362864109,-3.58425063747716,-2.2451391285356337,-3.2595202307880933,-5%~-3%
2006-07-13,-3.2935986973071762,-1.6788634634831379,-0.8141919425202815,-0.25943891754154347,-3.385711211355291,-5%~-3%
2006-07-21,-4.487184268091071,-1.0531823653191164,0.7745082729579855,7.387277758948385,-2.018932354149116,-5%~-3%
2006-10-19,-3.2082467395593284,0.23917453892021712,1.5063531383088469,5.874344849885016,-4.4334630193773705,-5%~-3%
2007-10-12,-5.126861386192938,1.6520962235568648,2.1312431344162053,-4.896349731402294,-4.223776303296634,-7%~-5%
2007-10-22,-3.7077442721821785,1.2013787981774993,2.855955041688596,-5.001468632369255,-7.03412115562937,-5%~-3%
2008-01-07,-3.252298796810149,-0.47525549033986536,-2.7515824382413068,-9.986544548805377,-5.918106528658241,-5%~-3%
2008-01-16,-4.761907603180793,-1.0741197902907174,-5.560730876727105,-5.459550227352827,-6.272309250240561,-5%~-3%
2008-01-22,-3.412359043579738,-2.5799224151471734,-2.195325835523343,-2.9300153520948733,0.8244030551753934,-5%~-3%
2008-01-28,-4.994907256064829,0.7729134731483178,3.595439703441383,0.340945257346736,-1.0199218397103698,-5%~-3%
2008-02-05,-4.318940624364565,-2.847651826610509,-1.9015880747059848,-3.987275240031506,-6.283174370030764,-5%~-3%
2008-02-07,-4.635761237185154,0.7007831736068448,4.53890731035419,-1.6105629422897505,1.978001062926305,-5%~-3%
2008-02-15,-3.0067610997540073,-0.3411575700359437,-0.6547036791235361,-5.626312180105131,-1.8797794810067714,-5%~-3%
2008-03-17,-5.773129450949543,-1.8224627150323691,5.669609573697409,4.858184126409826,-0.7716215999612364,-7%~-5%
2008-03-20,-3.75335399968576,2.043685424124675,3.5576403916752324,10.437219593230141,-0.8199356324310569,-5%~-3%
2008-04-14,-3.171460116628666,-0.451671967051559,5.431553525666333,10.519616301954194,1.3336116390323953,-5%~-3%
2008-06-27,-3.1452636464176287,0.0,-2.2147093384292327,-2.4917320793452435,-6.678223331912703,-5%~-3%
2008-07-10,-3.263884206980716,1.184387668193576,1.3627231794062333,3.57547208058443,-0.393611604836841,-5%~-3%
2008-07-15,-3.1490539570777187,0.02256542776946091,1.2961795622621897,8.004508852632219,4.433620978942687,-5%~-3%
2008-07-22,-5.631915217809558,0.0,-0.7610138075428652,5.063327856549405,-8.059829853994561,-7%~-5%
2008-09-03,-3.3160655147555063,-0.9440355543845258,-6.966190589907207,-15.827933833486872,-8.77188597761137,-5%~-3%
2008-09-04,-4.465880708187175,-3.2357789311906915,-5.197698939662554,-19.429363236266283,-6.137123659888366,-5%~-3%
2008-09-05,-3.1039638399792846,-0.48099054501987704,-0.09272008591445502,-17.744574977150744,-4.681909929862693,-5%~-3%
2008-09-11,-3.0106669781615025,1.8691999225574074,-6.032454899792484,-29.253054852969797,-3.492291858545804,-5%~-3%
2008-09-22,-3.0763526233820615,-4.7085896380666075,-4.1976235693102275,-23.288890631057853,-8.555002383462218,-5%~-3%
2008-09-23,-4.2065024761616225,-0.7583168117235473,-7.424753034039966,-23.761024924651508,-3.0120075375045365,-5%~-3%
2008-09-30,-4.5382778674246556,2.8820903575660806,-7.916563490795969,-14.435676755331432,-11.687503074831229,-5%~-3%
2008-10-06,-3.970966277310739,-3.6484513135207286,-14.104916523495861,-7.143839386744457,-16.18379567839213,-5%~-3%
2008-10-08,-9.75717051520224,-0.7963584239536359,3.7210511002041544,0.4630536341055098,2.1016459549215067,<-7%
2008-10-10,-8.499767140468094,-0.6345166392049406,3.6725861027202766,1.536737097656923,-9.317671263032068,<-7%
2008-10-15,-9.442246707541058,-8.955632925263036,-5.801141817780598,-13.808601896503959,-14.520699645904966,<-7%
2008-10-16,-6.401559400818768,5.424837039248098,0.3908612277474073,1.2424668507386087,-6.6641280178530105,-7%~-5%
2008-10-23,-4.05405767112531,-0.3920813073362228,4.413108922348053,-16.28007956709566,4.463014979537673,-5%~-3%
2008-10-24,-7.800643001766005,-3.214125164058468,8.140644994358015,-11.545262721758132,8.216313898801285,<-7%
2008-11-06,-6.682689618429361,-4.470130556443463,-10.550604430405318,-8.2933769117736,-16.02074357113026,-7%~-5%
2008-11-07,-4.5337412039389235,2.061483131463815,0.01496194801767814,0.11591486255164707,-12.97235988577885,-5%~-3%
2008-11-11,-6.475194756235359,-2.1774594212175757,-7.663660100672654,-1.1649181352463613,-11.512646013640694,-7%~-5%
2008-11-13,-3.6343059330779526,6.0954358219795335,-6.196337742428758,4.917086203765585,-6.0762488343647725,-5%~-3%
2008-11-17,-6.563699292850201,-2.104882938604702,-7.930128397093095,6.729571806094527,-18.421858864389563,-7%~-5%
2008-11-20,-7.827669888866851,-4.839911625678573,9.344046443751408,12.016744321345538,-5.01039501465722,<-7%
2008-11-26,-5.060975262269163,4.18887586064296,2.065279107139861,4.412162737487137,-5.253959772088557,-7%~-5%
2008-12-02,-3.9999976524939918,3.341976309643413,11.352934859812404,10.628237918655946,1.961036158965701,-5%~-3%
2008-12-05,-4.539870258161405,4.063309264458326,4.694984127983116,12.582497908060708,6.7699163874230255,-5%~-3%
2008-12-12,-3.8062274602322255,2.0281838216090753,2.1109783472264665,2.059669695987908,5.657247330160131,-5%~-3%
2008-12-19,-5.035577740793107,0.8205258495338041,-1.6288851512161528,-1.0642805645745828,-7.908440765296465,-7%~-5%
2009-01-08,-3.3279600634144813,1.0512587543121121,-6.0348541189591876,3.5407611304309246,-9.574894481607863,-5%~-3%
2009-01-12,-3.092221725110922,-1.8290905305186178,-2.1016507676788754,1.4645532764663733,-3.8063106508828923,-5%~-3%
2009-01-13,-3.5327576002140537,0.03390225129293878,-5.235176179819346,2.8322031345531573,-0.2535251961182645,-5%~-3%
2009-01-15,-3.3727793354458635,1.6416618050267395,0.6968614083152742,6.613224727802102,-2.278693122013165,-5%~-3%
2009-01-21,-4.297994081426404,4.256106517776259,4.853011316993294,3.3876708570088985,-0.22717665172788948,-5%~-3%
2009-02-02,-3.9700728425038023,1.2044067237809708,7.725993830260203,-8.303461446687642,7.048429695896463,-5%~-3%
2009-02-11,-3.516248435354319,-0.4614406724318343,-3.6021289387196953,-4.986739867163048,-9.239455228544557,-5%~-3%
2009-02-12,-3.313088687179655,1.2251689856835002,-4.679708457363607,-4.281101144445555,-5.430471211902843,-5%~-3%
2009-02-20,-6.654988006417506,0.27791148873890226,-3.3766551593734984,2.186862914439336,0.600349254398524,-7%~-5%
2009-02-24,-4.23472918246749,3.302224153458355,-4.324603053405585,9.45712286261905,-1.898950265926636,-5%~-3%
2009-02-27,-4.434073838653885,-0.9356260860858057,-4.576712106398473,11.281481858767329,-4.03330923577967,-5%~-3%
2009-03-09,-3.1344210547373463,-2.1292947025197795,9.14415128459417,21.36134536995874,8.96066805025474,-5%~-3%
2009-03-17,-3.0401708122851034,3.786246761459733,9.352830078596586,14.393744406764078,0.6082330561417719,-5%~-3%
2009-04-21,-3.4294259705602848,1.395756597806641,4.548054608601171,6.665153961279113,-0.9342978709049317,-5%~-3%
2009-05-08,-5.184496115191417,0.058463666084329624,-2.375146266982031,7.179519860544405,-10.604712658155247,-7%~-5%
2009-05-11,-4.187184758949614,0.35057703631804493,-2.4935357012059067,7.884669448995295,-3.648459674148353,-5%~-3%
2009-05-13,-3.8538562332593895,-2.682009585934597,1.4530818297509462,8.4049537693896,-1.4662056268375467,-5%~-3%
2009-06-03,-3.9179980886542842,-0.30180618082944477,1.4000834416212027,0.14105031223504705,-0.6756799244751699,-5%~-3%
2009-08-17,-3.214139239365621,-2.901795679737973,1.722754811409255,5.488788125161593,-0.5681164385137216,-5%~-3%
2009-09-25,-3.2937594417772775,-0.8794316540139735,-2.5123594101996716,2.5930665544164566,-1.853082798834138,-5%~-3%
2009-10-02,-4.52947996784987,-0.2926567827116755,3.0000424517775293,0.03166644425685039,-1.4112280147161815,-5%~-3%
2009-10-26,-3.0302992613212565,-0.3245761401910241,-5.073759520359277,2.4999329715073126,-4.5316779590114145,-5%~-3%
2010-01-25,-3.47403918293947,0.33969990118072335,-3.0986935346063116,0.15054823756713853,-4.0721807867897475,-5%~-3%
2010-02-01,-3.1542034903291216,1.098349973046009,0.5008242052859657,6.365078661041401,-4.382018321168369,-5%~-3%
2010-05-05,-3.3253318848730284,-0.5162458623290123,-1.2563207651553947,-3.184473026857659,-3.91127397769564,-5%~-3%
2010-05-07,-3.7194447541155307,-2.490876379461837,2.9038336802976183,-4.572015699096776,2.1465716363337606,-5%~-3%
2010-05-14,-3.16082572359333,-1.9226383198346353,-7.493140062726189,-4.709179083615821,-7.534657566609281,-5%~-3%
2010-05-19,-3.6234475011936995,-0.7969148014034366,-3.716479098933079,1.6829320444097906,-8.088547752543562,-5%~-3%
2010-05-25,-3.8247332899121744,0.08955791357876386,1.2396015188839482,3.537551116285521,1.4834545546530298,-5%~-3%
2010-06-08,-3.4647941606586574,-0.18074313459163216,2.7666702957785727,-0.07311134135111752,1.1145450628714526,-5%~-3%
2010-07-30,-3.0785592080224022,0.21876733993309028,2.4445960518941434,-3.517835018932259,-2.127279575296437,-5%~-3%
2010-08-12,-3.2535487633939653,-0.7928923675123989,0.3445617337721196,2.7575586022808074,-1.7262744405357138,-5%~-3%
2011-03-10,-3.394188233868134,-1.560580697111924,-5.127231758149398,0.5774299087208501,-5.596394113372949,-5%~-3%
2011-03-15,-3.2210406255111512,-1.421215556344102,-1.2096737898938392,0.37599324372449283,-1.4240187379991665,-5%~-3%
2011-08-08,-5.212488573797847,-6.0189520369163585,0.0014982349196950295,-0.16200219568980323,-0.7625870317927941,-7%~-5%
2011-08-19,-3.0823088766471107,-1.805754625400935,1.8288044960722005,11.03901152403992,-0.1597095377293356,-5%~-3%
2011-09-02,-3.583615236864701,-2.3460506280634674,-2.4761809176005123,-5.986577155950846,-2.800040271636295,-5%~-3%
2011-09-06,-3.185839357629283,0.01881422972358493,1.148554194871354,-1.5873235822512428,0.11526496868216052,-5%~-3%
2011-09-22,-4.4189803857127,-3.250296018325638,-1.4639814966013853,2.511205976625286,0.011188029882880812,-5%~-3%
2011-09-30,-3.345600603612997,-2.5798575478841013,1.150283195392099,9.322151950139048,-5.8796370666591935,-5%~-3%
2011-10-04,-8.860760936856904,2.0532029456361345,9.099103119980478,10.188537676071409,2.3891942316736747,<-7%
2011-11-01,-3.5180547893632674,-2.605711057361504,0.5108666634207504,-2.3498428275674055,-0.860864363743552,-5%~-3%
2011-11-18,-3.175102941963903,-0.7701908475113428,-5.377752214836085,-2.20123214002258,-11.446055845215696,-5%~-3%
2011-12-09,-3.7287040329601395,1.6036997704519163,-2.4519288474414536,3.8873372050321375,-5.3975828855095775,-5%~-3%
2012-04-23,-3.45622327404731,-0.9134981707105583,2.3912301462516328,-4.784546419635027,-0.11827471306438131,-5%~-3%
2012-05-04,-3.0303069958909634,-2.486834786391101,-3.2767485145888675,-8.4567948171822,-5.63831444050954,-5%~-3%
2012-07-23,-3.582856145338731,-1.2142014075694263,1.0250271399635413,6.387378193147975,1.958947117021781,-5%~-3%
2014-04-07,-3.562996011966968,-0.9493736572559919,-2.572383515687804,0.6413382830526282,-5.096655532292493,-5%~-3%
2014-04-11,-3.513750809853078,-1.163342032081538,1.3034785664742476,3.6875082157124095,-2.830199503794739,-5%~-3%
2014-10-10,-4.949902094536296,-2.4984635888765094,-5.328114141139972,4.918534431272392,-9.916961369703902,-5%~-3%
2014-10-13,-3.352308965543871,-1.5671547321189139,-1.5114447164160771,7.771326491264663,-0.5314859923291726,-5%~-3%
2015-03-26,-6.6455146980159086,-0.3413918854797471,-0.3746181547178873,4.767330049275609,-2.1580709423327793,-7%~-5%
2015-06-29,-3.2269381582184287,-2.3611076390760988,-1.4148742496893574,1.8052824120832867,-4.332483480595661,-5%~-3%
2015-07-27,-3.1779223467001794,-0.8280892420974295,0.7712035536349915,-11.816304985090841,0.4171528816908632,-5%~-3%
2015-08-21,-3.616421271532655,-4.370564865056337,-1.02457264464595,-0.566288856600683,-0.9207947015012818,-5%~-3%
2015-08-24,-8.241989798900928,-3.847664094995462,3.327066285149871,2.3091732807226553,4.555894638059167,<-7%
2016-01-07,-3.100019739142834,-3.131337745845586,-5.932907691328538,-9.434434250302713,-4.1789636636127,-5%~-3%
2016-02-08,-4.605397475349948,-1.5287381455493354,-0.07736584656418133,6.14223801188548,-5.368583664341785,-5%~-3%
2016-02-11,-3.3930860688820563,-0.14478295589451795,4.755695913774183,9.836517635270326,5.945592274583166,-5%~-3%
2016-06-24,-3.1001054095827874,-4.118759500640357,-0.9842560241945968,4.585731497563139,-2.5673108080321976,-5%~-3%
2016-09-12,-3.323171274212422,1.7938458569914717,2.8830287984121017,4.543294001701547,2.93464735134481,-5%~-3%
2016-12-02,-4.679351427239875,0.19919183140575392,2.660907523245637,3.7996912519785764,1.1246280681859622,-5%~-3%
2017-06-12,-5.492908547179121,-0.5357802407930268,-1.0363500979312712,-0.2983640694498302,-5.540732819607119,-7%~-5%
2017-11-30,-3.117188201905763,0.8384148172739359,-0.22212991707608598,1.4684407547571832,-7.402620191331121,-5%~-3%
2017-12-05,-3.3423186584018993,0.06546489813208378,2.0729760810728193,5.106910034376599,-1.9151069546070265,-5%~-3%
2018-02-06,-4.3123764813803085,2.649859556987022,0.6380741963343488,6.879195219989598,-3.2988824887688173,-5%~-3%
2018-03-28,-4.767147497568436,-1.1503476610738361,0.49832003462311203,2.0550068271114386,-8.74853278015786,-5%~-3%
2018-04-06,-3.1849575622239557,-2.5022840917767297,1.033540036929681,2.7778499772797227,-0.31369105260489194,-5%~-3%
2018-06-28,-3.1292015038211773,0.8601922772769388,1.8826673298971586,4.631822814199904,-1.86986351573053,-5%~-3%
2018-10-25,-4.0055750060487005,3.4595567313609354,2.8277809130755838,-3.3939972199949375,1.098382945066379,-5%~-3%
2018-11-20,-5.960755396303852,-1.7894277577091167,0.8965408119703477,-5.85744004218034,-1.66815998243397,-7%~-5%
2018-12-06,-6.799307494168428,0.7060051196030592,-0.33707048046424104,-3.8371592656551536,-4.939814532896359,-7%~-5%
2018-12-10,-3.5918475503603164,1.047217133264966,-0.1460731527995418,0.47790290710944117,-2.1080858174102213,-5%~-3%
2018-12-20,-4.935674796902079,-1.4495515057481145,-0.3978386262933684,5.462744596804804,-6.750877205292584,-5%~-3%
2018-12-24,-3.06842309577271,-2.479781010394999,4.94212330159547,10.78888343012222,3.1782592544444377,-5%~-3%
2019-04-26,-3.54049834682556,0.08925530785290903,-1.2473202419707063,-6.525815984691741,-2.930287240804741,-5%~-3%
2019-05-06,-3.0127155709322784,-0.6121941396834418,-3.226376153923194,-8.632998291050786,-6.416580409867645,-5%~-3%
2019-05-20,-3.560974945363027,-1.6881439878794646,-2.669584587915763,1.9861319500195207,-4.739186477793244,-5%~-3%
2019-08-05,-3.251322037270865,-3.5335035638491163,-0.3572011843125278,-0.6200599648775618,-1.1340117030987367,-5%~-3%
2019-12-03,-3.4086706672440736,-0.7832627334123599,0.5369920581747456,6.5420648594531565,0.7368148075314829,-5%~-3%
2020-01-27,-4.956421441852554,-2.065566039172584,-1.596652286877498,-3.1037195814976553,-5.9272895800803305,-5%~-3%
2020-02-24,-6.778178353163988,-3.856326844672897,-10.989700272205438,-26.826166374897834,-17.28163592054839,-7%~-5%
2020-02-26,-3.188609058746661,0.515377156847241,-2.460582749315044,-13.247381989244236,-1.941853297928331,-5%~-3%
2020-02-28,-5.60606176202948,0.07783770282814295,3.165455569186659,-6.928609656913695,2.7179297453724267,-7%~-5%
2020-03-06,-3.3330865736552195,-1.6872298574369116,-16.71325022118493,-10.949445048056607,-16.974274939381097,-5%~-3%
2020-03-09,-7.547307684708116,-6.946460427808487,-6.5554520349007,-2.1127272553140637,-11.533877225323954,<-7%
2020-03-12,-9.014738628541764,-9.169138139914136,-8.134782948859463,5.9712184572689795,-18.748018911826314,<-7%
2020-03-16,-8.775583396950227,-11.978805504184919,-10.753612483088581,12.099277207309058,-6.676897042426512,<-7%
2020-03-23,-4.386378451428752,0.07221040637528375,8.902229149325835,19.61213311563745,9.823148834834107,-5%~-3%
2020-04-01,-5.261395970234528,-4.248950620203051,3.470033073220369,14.683618427339981,7.087391634094198,-7%~-5%
2020-04-13,-3.791247771114592,1.0803579720247702,7.063114360092915,12.594411936582503,4.165952445654774,-5%~-3%
2020-05-01,-5.242581588111717,-2.8185081703350545,1.384257380933207,6.864000486485767,-2.3867625766194385,-7%~-5%
2020-05-04,-3.0261340868123154,1.165740493346279,5.5732401143835375,10.353298213561843,3.0193886923124413,-5%~-3%
2020-05-14,-3.225559845946946,1.135212937019614,5.393795261209733,7.503211168984171,4.125631132979035,-5%~-3%
2020-06-15,-3.567566742768158,1.2167194773748502,3.505589398548381,10.24414015556575,3.65401343827928,-5%~-3%
2020-07-14,-3.5529490335755365,0.7078436678192634,3.181995511735558,2.7216815033551676,-1.0676863719907281,-5%~-3%
2020-07-24,-3.2169478921039163,-0.9495752600545915,1.2384086802718741,8.998359592170424,0.33454910231215385,-5%~-3%
2020-09-04,-4.6620991002698675,-1.332585396310948,-5.889047760486266,-2.110915226365374,-7.219365699285605,-5%~-3%
2020-09-08,-4.402805478718729,-4.806396515327894,-2.8149488233631175,-2.563024705181539,-1.2759830129712264,-5%~-3%
2020-09-17,-4.562122678813063,-1.5622228300489538,-3.794217067671335,5.7967275544829615,-2.4031779684517085,-5%~-3%
2020-09-21,-3.7302163633112118,0.23987271166154844,1.834809806705462,6.4546010862045495,-2.77378924488747,-5%~-3%
2020-09-24,-3.296051233608921,0.4656195570445609,5.101345958968473,7.544396709133883,2.575173350229032,-5%~-3%
2020-11-10,-4.023392171883122,-1.7914558671693337,1.6336894749503728,4.424227104590773,-1.9323270237663674,-5%~-3%
2020-12-10,-3.466943605238404,0.4015669664546584,2.5245479048507047,4.5323728833622905,-0.30137622748649395,-5%~-3%
2021-01-27,-3.553384242725588,-2.7876486514430976,-0.1696609618158318,-4.689894485436574,-0.8097768085175261,-5%~-3%
2021-02-23,-4.223047891512222,-0.29775123100637124,0.467284391489442,-1.0926380528231472,-2.1666556762063527,-5%~-3%
2021-03-03,-3.144600408455489,-2.901988286623902,-1.919883044947535,0.6828496585726489,-10.205891894988904,-5%~-3%
2021-03-04,-3.773975053913514,-1.6366832324493874,0.6966325046195876,5.2894801818976545,-3.346030649448573,-5%~-3%
2021-03-25,-4.484037865815694,-0.17317666461020842,2.3253617934187565,8.582183648045394,1.0133697692234263,-5%~-3%
2021-05-11,-6.275406262875183,-0.13814132733973583,-0.3522472848913938,3.466883331238557,-4.536758910402228,-7%~-5%
2021-05-19,-3.7094278969474925,0.11483482114598154,3.3159414668247567,7.007468249871396,5.508321903741575,-5%~-3%
2021-07-08,-3.916093310911173,-0.6039957495567849,0.5902730664593792,2.4318759024410497,0.6496577493713018,-5%~-3%
2021-07-19,-4.1275727625746494,-0.8193627493664701,2.9430896053857847,3.1709242212779376,1.2899395947736592,-5%~-3%
2021-09-20,-3.560003107244314,-2.0663146098982565,0.0073004087677963625,-0.058927624593374084,-1.3850625256711768,-5%~-3%
2021-12-02,-3.2673407680370303,0.7207153664458676,3.241936028218928,3.077998140932026,0.8510977844384149,-5%~-3%
2021-12-14,-4.1797601310289085,-1.0350540163659883,-2.795696964808403,-0.9303335859080719,-5.891503966940892,-5%~-3%
2021-12-17,-5.6532326524777465,-0.49889901686881455,2.7408569915284287,-3.972364625236613,-1.448233000881138,-7%~-5%
2022-01-10,-4.12930937727044,0.06581693669993616,0.0852361004409774,-5.244311611449625,-2.1037291041117845,-5%~-3%
2022-01-14,-4.333329812074316,0.6222649375660083,-7.037232393009807,-7.899719032496044,-12.363859070814021,-5%~-3%
2022-01-21,-4.3245287522246105,-2.7728520740763263,-5.796717763293612,-5.289134657534522,-5.780005709545289,-5%~-3%
2022-01-24,-3.1999955610795494,0.457789474011272,0.11301925899234178,-3.520650920656087,-6.7798441341836995,-5%~-3%
2022-01-28,-5.324367176863021,3.1368849482096284,3.7732265391141055,2.1507312554124303,2.4813467016057134,-7%~-5%
2022-02-14,-4.949994768415178,0.12392409756971645,-1.529871846402242,-5.138828735612001,-3.7685638815272537,-5%~-3%
2022-02-24,-7.402430373190938,3.360452153240878,5.355836175750806,9.395827130618017,-1.7331703704178474,<-7%
2022-03-04,-3.5237746828766126,-1.4492089978608402,-3.1128164267552827,6.118899718540861,-6.125356611141698,-5%~-3%
2022-03-08,-4.962653829815111,-0.46482555370961354,-1.9698007440556276,11.094665689244932,-3.7261478673023096,-5%~-3%
2022-03-14,-3.777577215965533,-1.9204910248380336,8.182291420883303,5.446957034693645,2.6024802619181164,-5%~-3%
2022-04-06,-5.661926093993652,-2.1711426422987956,-6.119452476719811,-13.64455619426831,-8.258055532042551,-7%~-5%
2022-04-11,-3.2532643394626692,-2.3657320237383206,-2.96532486860126,-14.209157214601387,-5.650027297087656,-5%~-3%
2022-04-18,-3.9478478972379216,0.07685105452988061,-3.834239565916664,-11.822403857626295,-2.607211646772023,-5%~-3%
2022-04-22,-4.031349721214639,-2.618622917348068,-1.6767565104711553,-13.772323802183136,-7.039262789421951,-5%~-3%
2022-04-27,-4.383886378328594,-0.1198148680360056,0.7082639053397122,-7.727714467954382,-0.0389226015567008,-5%~-3%
2022-05-06,-3.8962633832902216,-1.1980767730688457,-7.098137609867861,-1.2812512493254657,-10.839556966973317,-5%~-3%
2022-05-12,-3.181817996368652,-0.23643809203680588,-0.008541106551141375,-0.48216157934357673,4.989018632246389,-5%~-3%
2022-05-19,-3.8343943861133267,-0.5358113089087957,0.08946634999746905,-5.263195453803305,-5.329456453802761,-5%~-3%
2022-06-10,-3.82442536016363,-3.527058766677138,-9.5325830314694,-3.7789669344467716,-11.820779536307734,-5%~-3%
2022-06-13,-5.414525425495375,-4.649616521798084,-4.78957498101087,-0.4580213922863794,-10.451628049476103,-7%~-5%
2022-06-29,-3.8127367657968425,0.09172815537390466,1.8646272560302157,9.1557028601584,-9.127017084671184,-5%~-3%
2022-07-05,-4.5954031411002845,1.7119763776470176,2.482055395240368,11.109551372512461,2.7909561851853786,-5%~-3%
2022-08-22,-3.4852577419881348,-2.6327265492427476,-4.756347924725279,-10.596696913575675,-1.3371988752652557,-5%~-3%
2022-08-29,-6.107880356619955,-0.9855481019306,-4.049934096843799,-10.863586485986277,-9.864822328689549,-7%~-5%
2022-09-01,-3.8277545550496783,0.04342739934042328,0.45097729819592036,-10.772273730658588,-4.871186167315799,-5%~-3%
2022-09-13,-3.6417876811854155,-5.483674859283294,-6.188491891802195,-16.132232695526895,-7.747564584494005,-5%~-3%
2022-09-23,-3.365216655087644,-1.628122708407309,-2.895358961138361,-1.2571330475319331,-4.699279287897018,-5%~-3%
2022-10-07,-3.3177673573465682,-3.810394618111035,-3.8728729498556875,-5.074474674362329,-17.31400720822601,-5%~-3%
2022-10-10,-3.2826462906782483,-0.9996333484796449,-3.068223514834967,-0.16461814973718392,-5.788351742633711,-5%~-3%
2022-10-11,-4.982208886147344,-1.3738303131704321,1.2335507665810486,1.5637608242486385,-5.189310246720213,-5%~-3%
2022-10-13,-4.434502750332447,2.345202379029021,3.0677467847256,8.043011101298436,0.44232515737007194,-5%~-3%
2022-10-19,-3.3375329079570637,-0.36466163606706514,4.638629261923011,5.5970133507652235,2.6849174021318922,-5%~-3%
2022-11-03,-5.067977867563855,-1.953476613775862,-0.8244144261385866,10.139688239100906,2.7265063973702652,-7%~-5%
2022-11-16,-3.395768256845,-1.3649478422651073,-1.1705969560240614,-4.147812890373859,-4.7039564537084475,-5%~-3%
2022-11-17,-3.4199981793961,-0.22072991391522967,1.1979938600340523,-3.736311226475886,0.7334738330641688,-5%~-3%
2022-12-02,-3.394711156267094,-0.3983213389181506,-3.3735134464815246,-10.020266123148826,-5.278770894773855,-5%~-3%
2022-12-15,-3.1226585521227257,-3.357656208220816,-4.343675471159636,-1.2716372272728158,-8.174102724311815,-5%~-3%
2023-03-13,-3.1962716876244524,0.7416361061752141,5.727665340956401,9.329798946836476,4.011650165442826,-5%~-3%
2023-05-31,-3.259202523893956,-0.568615109082482,1.39014926217369,4.120751784449939,-4.761392057886804,-5%~-3%
2023-08-03,-3.9617108872326834,-0.16025685998570793,-1.731454680367761,1.0770828273019672,-3.4938657041002075,-5%~-3%
2023-08-25,-5.017260492562581,0.7751322570269004,4.569349088245311,-0.20320557040610643,-0.8557656271814045,-7%~-5%
2023-09-07,-3.06390548529083,-0.7151553883420037,-0.1250494471191521,-4.125404547949707,-4.321115540151965,-5%~-3%
2023-09-18,-3.195102967627861,0.10424428146071918,-3.3684176766116347,-0.1267503406040098,-5.424050683155768,-5%~-3%
2023-09-21,-3.4640209912667475,-1.8324473269689112,-2.610793797217137,-1.1518254173181974,-3.2636020816231404,-5%~-3%
2024-01-03,-3.481287953303769,-1.058141109283628,0.810149180596087,4.7800972450246055,-0.9651622989924391,-5%~-3%
2024-01-26,-3.391215161469252,-0.5957608028029138,-1.0184494761078189,2.4940922165300083,-4.652799057729551,-5%~-3%
2024-02-13,-3.4427026857785648,-1.559713140893415,-1.8337963859286877,1.2617089829139783,-1.8248547964575645,-5%~-3%
2024-03-11,-6.242347420476935,-0.3712691155639991,-1.1471939363207784,0.920469609212915,-8.559066124448034,-7%~-5%
2024-04-05,-3.439548089427813,1.1783811645419418,2.301822915244567,0.19259101412915092,-2.384087851018468,-5%~-3%
2024-04-18,-3.890480388065831,-0.570631831125934,0.19718587976871316,6.080918293747784,-2.9494958517763514,-5%~-3%
2024-06-21,-4.8886160865299395,-0.26793086468178684,0.20181723859943324,0.4587461628896672,-6.828008290617515,-5%~-3%
2024-07-12,-3.957601486583484,0.5874817012438971,-2.514180201027405,-8.463720836948664,-8.610385340769454,-5%~-3%
2024-07-17,-4.18437002500065,-2.9354860849612363,-3.1577904908302816,-6.629211704714933,-7.545956938098808,-5%~-3%
2024-07-25,-4.625083406068187,-1.1027749918718799,1.7099299937736956,2.755162580999394,-3.1535370589236393,-5%~-3%
2024-08-02,-9.883623906228845,-2.373496805831332,-2.423480684193602,3.790637281429154,-10.14549869962619,<-7%
2024-08-05,-8.612223808248821,-2.981614216768791,0.47225053643772386,3.1280414132518586,3.0009885547539463,<-7%
2024-08-08,-3.1554569677569644,3.0591068306788705,6.310406425361137,3.3919089690661033,6.245053810126566,-5%~-3%
2024-09-04,-7.133584642044788,-0.25984767600442105,-0.6350730433693053,4.537214746418916,-7.6496301393471855,<-7%
2024-09-30,-3.5704445111389815,0.27118361058962037,0.13434853610241326,1.8307962215840745,-1.4279321665042204,-5%~-3%
2024-10-16,-4.279692785036515,0.012224984671949102,1.0380724161306532,4.386722383866116,-3.651314690148377,-5%~-3%
2024-12-19,-3.632615612737544,-0.4453264576181559,2.6902488804607327,3.173235748039205,-0.525556274745997,-5%~-3%
